locality_code,locality_name,district_name,aq_coastal_rp10_depth_mean_m,aq_coastal_rp100_depth_mean_m,aq_coastal_rp500_depth_mean_m,aq_coastal_rp10_floodable_pct,aq_coastal_rp100_floodable_pct,aq_coastal_rp500_floodable_pct
BD10040009,Amtali,Barguna,0.3437173017979341,1.5723149110513817,2.6570844903820108,33.742166621932284,96.71260692488127,98.75016046025841
BD10040019,Bamna,Barguna,0.6900168014076064,1.9784865551016324,3.070335910471293,39.90060219110498,96.53558731771022,99.58281941522164
BD10040028,Barguna Sadar,Barguna,0.7451089326911366,1.8150960955110924,2.8088742095655355,35.578630173795396,83.29510666679467,94.20937976833686
BD10040047,Betagi,Barguna,0.8893341439808611,2.494978566325865,3.5912865143595947,69.9301448530042,99.01859946858661,99.7000085711837
BD10040085,Patharghata,Barguna,0.5386456960240114,1.4588777483005637,2.299690753925185,28.770321269595488,71.63005612541122,79.9133926843429
BD10040090,Taltali,Barguna,0.42763129928571175,1.3867507520068225,2.239785554140055,29.69782874814768,68.79582501127506,80.17524644030668
BD10060002,Agailjhara,Barishal,0.05164712836580408,0.4250165665182997,0.8108610980787632,9.225142545603234,30.067467799459347,43.2180095863338
BD10060003,Babuganj,Barishal,0.4213463506439664,1.0647677190592195,1.7935897763294482,25.756832671987176,52.86682420081146,79.14976146952604
BD10060007,Bakerganj,Barishal,1.0080229293726137,2.5613373133460486,3.64416838843552,74.84117919982867,97.72832720653838,98.53046147257216
BD10060010,Banaripara,Barishal,0.5064961851198744,1.8915695084231046,2.9922807567544276,48.77642571252047,98.34528702285974,100.0
BD10060051,Barishal Sadar (Kotwali),Barishal,0.7168539631351856,1.7168646545179085,2.719724733105705,35.15351267890015,84.02814893996073,95.681156838292
BD10060032,Gaurnadi,Barishal,0.0035834007576623812,0.024897776970089942,0.0711399577833344,0.5469661610268378,2.9122909373784522,4.934850252819915
BD10060036,Hijla,Barishal,0.6643963151334867,1.5079127629031672,2.189397945655591,33.04136975455266,60.56116389548695,63.600554235946184
BD10060062,Mehendiganj,Barishal,1.0140050521836577,2.0066287214550744,2.8945618261606145,43.20768073621804,73.10503495265905,84.80399964604906
BD10060069,Muladi,Barishal,0.4220617227203261,1.061363161528685,1.7624785449693914,25.085652602431114,50.64689225763049,82.03720217143032
BD10060094,Ujirpur,Barishal,0.44931009414420736,1.3461659383627713,2.18264715989825,36.09862853807998,66.41377297928221,83.8561423985994
BD10065000,Barishal City Corporation,Barishal,0.15670693768610847,0.6658421741758108,1.3209125395915675,10.293392504930965,46.831854043392504,74.58086785009864
BD10090018,Bhola Sadar,Bhola,0.7517760961242453,1.7136529810295558,2.5400490265000157,39.59232970996505,68.3476448106417,77.49458149269529
BD10090021,Borhanuddin,Bhola,0.5732718121988071,1.5091713345490378,2.401430607918456,29.57266462095678,74.31334574173749,85.88208662407565
BD10090025,Charfasson,Bhola,0.19949013096404972,0.7977288598511838,1.2894471639897298,14.074688305149992,41.441051914591156,48.61077383243993
BD10090029,Daulatkhan,Bhola,0.21003328331609938,0.5288328183088856,0.8974686179594199,8.440627790047461,30.429726046708353,35.18279216202248
BD10090054,Lalmohan,Bhola,0.2561133420549005,0.8282491383905043,1.518119028848673,11.89138576779026,54.07539817652175,69.7981689554723
BD10090065,Monpura,Bhola,0.4356848588727533,0.8171445907151262,1.0950146979615496,31.32748097514274,34.20391267924901,35.4597996494217
BD10090091,Tazumuddin,Bhola,0.41276794457200605,0.7754129930355314,1.1655153266139069,16.505703843172,32.70794107874625,42.92834200908185
BD10420040,Jhalokathi Sadar,Jhalokati,0.3182336863495596,1.186669039718678,2.05019653340742,32.85179429217292,68.35264198926248,90.93493924837524
BD10420043,Kanthalia,Jhalokati,0.5554375516013615,2.0390950024800962,3.139884613056778,53.72427608814423,99.26925878710618,100.0
BD10420073,Nalchhity,Jhalokati,0.4106580694106948,1.7745797225813928,2.8682016832140125,47.10669855636049,96.89591685737393,100.0
BD10420084,Rajapur,Jhalokati,0.33508393147560844,1.6058305378655964,2.703703751394815,41.20784659466607,97.75181838219085,100.0
BD10780038,Bauphal,Patuakhali,0.7398740945179999,1.7422388315199053,2.6921706061457904,40.02456947908267,77.12152271566752,91.54129078570533
BD10780052,Dashmina,Patuakhali,0.6631292540577934,1.7811330387011521,2.6987717011896675,45.05281078035271,81.9700039563127,83.51176703312511
BD10780055,Dumki,Patuakhali,1.8241969235385385,3.5233160437829705,4.615186002666373,96.15458197819021,99.11230151138324,99.11230151138324
BD10780057,Galachipa,Patuakhali,0.5730744513220998,1.8687586677496142,2.8612938134988872,50.49807274943006,88.9219035621615,90.71222691578289
BD10780066,Kalapara,Patuakhali,0.2762834035515816,1.265173534398448,2.253558185544737,25.492048263901705,82.23238994871038,92.75229696321169
BD10780076,Mirzaganj,Patuakhali,0.9536500705268761,2.47008286651658,3.5561351265051826,67.33248741353198,96.74593753837337,98.90917277229747
BD10780095,Patuakhali Sadar,Patuakhali,0.9159285522544234,2.546121461782807,3.6449989072830586,77.34045072423729,99.74839168015157,99.74839168015157
BD10780097,Rangabali,Patuakhali,0.29848371993024714,1.1770081701723036,1.8103306557788186,24.521274614652004,55.22833564781565,58.543631981356484
BD10790014,Bhandaria,Pirojpur,0.8806501928395997,2.34866525261097,3.443076178544019,61.459126612850575,98.49431014599968,99.46038860723688
BD10790090,Indurkani,Pirojpur,1.6304126829325956,3.32475948995016,4.413838807878675,94.02583423035526,98.85898815931111,98.85898815931111
BD10790047,Kawkhali,Pirojpur,1.170266081160068,2.7965840569411795,3.898233345605668,77.46686962750717,100.0,100.0
BD10790058,Mathbaria,Pirojpur,0.46384137911308587,1.3904898492826883,2.353410822494163,30.459032221617353,78.13305668827098,92.75039288392206
BD10790076,Nazirpur,Pirojpur,0.5788780421934712,2.013616467634731,3.086006176229549,60.825198243452455,94.45076296085679,99.55138533472343
BD10790087,Nesarabad (Swarupkathi),Pirojpur,0.5336897209984092,2.0615182514221506,3.1631386183287344,53.119144823777695,99.95266552275008,100.0
BD10790080,Pirojpur Sadar,Pirojpur,0.8272523788000447,2.42778710574742,3.529436382569211,69.09098918526024,100.0,100.0
BD20030004,Alikadam,Bandarban,0.0,0.0,0.0,0.0,0.0,0.0
BD20030014,Bandarban Sadar,Bandarban,0.0,0.0,0.0,0.0,0.0,0.0
BD20030051,Lama,Bandarban,0.0,0.0,0.0,0.0,0.0,0.0
BD20030073,Naikkhongchhari,Bandarban,0.0,0.0,0.0,0.0,0.0,0.0
BD20030089,Rowangchhari,Bandarban,0.0,0.0,0.0,0.0,0.0,0.0
BD20030091,Ruma,Bandarban,0.0,0.0,0.0,0.0,0.0,0.0
BD20030095,Thanchi,Bandarban,0.0,0.0,0.0,0.0,0.0,0.0
BD20120002,Akhaura,Brahmanbaria,0.11954827837179804,0.6417262615635845,1.1803148952557927,20.089943397689378,44.56462743273627,51.934558424439764
BD20120033,Ashuganj,Brahmanbaria,0.48734976275473935,0.8320999438021732,1.2074666557848803,17.166375425365587,26.39565897176492,47.1856893221742
BD20120004,Banchharampur,Brahmanbaria,0.40508010427823576,0.9178143437546857,1.4782590965669449,21.622465439786314,43.43052399701664,61.29602969489882
BD20120007,Bijoynagar,Brahmanbaria,0.14955368311342293,0.664884626929482,1.1920654137700546,16.66297678537542,40.872287937250924,53.252893921184125
BD20120013,Brahmanbaria Sadar,Brahmanbaria,0.2384536833217144,0.7044100167872966,1.2023894948938127,20.97106586431456,36.19487264034292,53.38059516940072
BD20120063,Kasba,Brahmanbaria,0.010350202194979934,0.06253176340477062,0.17299053558234964,1.757172131147541,6.936475409836065,15.225409836065573
BD20120085,Nabinagar,Brahmanbaria,0.2356930692052459,0.6739403416207684,1.175136921795109,20.5196088116171,36.89222562481477,57.47209325298823
BD20120090,Nasirnagar,Brahmanbaria,0.011507389576581538,0.5599499337901067,1.0528765985425679,0.9000879785242163,38.72295788310134,51.77084978230953
BD20120094,Sarail,Brahmanbaria,0.20356747171579606,0.8382889210781528,1.5033563325313855,9.622283518550997,52.37328401281913,69.91661219088321
BD20130022,Chandpur Sadar,Chandpur,0.5958286480653571,0.9160242593267546,1.1955766790894662,17.186728325775597,22.199524087460148,27.900372648498177
BD20130045,Faridganj,Chandpur,0.0,0.0,0.0,0.0,0.0,0.0
BD20130047,Haimchar,Chandpur,0.3047601023614427,0.5369638261591388,0.7099685699687918,11.16799108959668,16.132970634223664,17.298177222781508
BD20130049,Hajiganj,Chandpur,0.0,0.0,0.001633825541873553,0.0,0.0,0.346558765126822
BD20130058,Kachua,Chandpur,0.0,0.0,3.495517514055605E-4,0.0,0.0,0.043700366178930375
BD20130076,Matlab Dakkhin,Chandpur,0.1681736536553295,0.4736737820126045,1.0075968125985773,11.330890658144854,30.47466872365631,61.99619824237583
BD20130079,Matlab Uttar,Chandpur,0.5459440092356096,1.2700066784725275,2.153940489180737,26.16628496956966,69.65571343615952,87.08008047271386
BD20130095,Shahrasti,Chandpur,0.0,0.0,0.0,0.0,0.0,0.0
BD20150004,Anwara,Chattogram,0.2378936819537094,0.8558566349338461,1.6185894323797716,21.051448607583538,59.827830347710766,81.77608954620032
BD20150008,Banshkhali,Chattogram,0.2478485226288419,0.8520282757695462,1.4271857347430144,28.2225860554269,50.4692117243032,56.79258845140168
BD20150012,Boalkhali,Chattogram,0.28550151797566453,0.7718851639036034,1.312897018771308,25.035602392480765,43.10867144817585,56.89391781673182
BD20150018,Chandanaish,Chattogram,0.0010562380768734166,0.0559217229928078,0.2301088920814474,0.2857866367615673,11.46583221792136,21.01797923524944
BD20150033,Fatikchhari,Chattogram,0.0,2.181713422044491E-4,0.004365593305932684,0.0,0.2580412581408699,0.5250949866947481
BD20150037,Hathazari,Chattogram,0.1474332222123783,0.5578056717926744,0.9131044611447252,22.848148323920732,32.70846186702105,34.722288136933905
BD20150039,Karnaphuli,Chattogram,0.1620951868498037,0.42604672160536367,0.9909560380410536,8.958630527817405,32.59629101283881,72.68188302425108
BD20150047,Lohagara,Chattogram,0.0,0.0,0.0,0.0,0.0,0.0
BD20150053,Mirsarai,Chattogram,0.0315250167854241,0.0694410933946504,0.11797082604670164,2.6425886467086226,3.0036173661893075,7.065544410071996
BD20150061,Patiya,Chattogram,0.03133909179286125,0.16190561321414565,0.397611819728276,1.2151516446571793,17.495049645996268,28.066726498283405
BD20150070,Rangunia,Chattogram,0.0022072496035775513,0.015408107302778357,0.029891543988315457,0.6373901621984868,1.369472473094193,1.369472473094193
BD20150074,Raozan,Chattogram,0.22464846496172397,0.7357102508848766,1.223842737544516,27.13880014199504,42.835167435806426,48.7900840137262
BD20150078,Sandwip,Chattogram,0.23765829748173622,0.7219135217676133,1.2425748435281843,23.649671416968182,46.51757365428636,62.01543232666324
BD20150082,Satkania,Chattogram,0.0035083641141475854,0.05378264170811861,0.1571983670565095,1.4052963826387614,5.887052413756972,13.062838882049398
BD20150086,Sitakunda,Chattogram,0.0568195738031909,0.14840969794268868,0.25873526861343155,4.088379202656351,9.448617337945869,13.625492763056856
BD20151600,Chattogram City Corporation,Chattogram,0.22479829978550744,0.5422116842596622,0.9354732515483855,14.8372541527937,31.448428943107185,44.44808325600859
BD20190067,Adarsha Sadar,Cumilla,0.0,0.0,0.0,0.0,0.0,0.0
BD20190009,Barura,Cumilla,0.0,0.0,0.0,0.0,0.0,0.0
BD20190015,Brahmanpara,Cumilla,0.0,0.0,0.0,0.0,0.0,0.0
BD20190018,Burichang,Cumilla,0.0,0.0,0.0,0.0,0.0,0.0
BD20190027,Chandina,Cumilla,0.0,0.0,0.0,0.0,0.0,0.0
BD20190031,Chauddagram,Cumilla,0.0,0.0,0.0,0.0,0.0,0.0
BD20190036,Daudkandi,Cumilla,0.16607461812862814,0.5779013082004657,1.0123260859712269,16.47014571442589,34.35000899471764,44.95069259325887
BD20190040,Debidwar,Cumilla,0.0,0.0,0.0,0.0,0.0,0.0
BD20190054,Homna,Cumilla,0.17684155728694165,0.4123725582820501,0.7663026224691718,8.54269908954708,23.53347931312666,43.672928431485545
BD20190072,Laksam,Cumilla,0.0,0.0,0.0,0.0,0.0,0.0
BD20190073,Lalmai,Cumilla,0.0,0.0,0.0,0.0,0.0,0.0
BD20190074,Manoharganj,Cumilla,0.0,0.0,0.0,0.0,0.0,0.0
BD20190075,Meghna,Cumilla,0.9766556702677386,2.0061514483800895,3.0313275235713695,43.156969933619685,84.52752830925418,96.97383834439671
BD20190081,Muradnagar,Cumilla,0.0,0.0,0.0024631807576556562,0.0,0.0,1.1685689476602465
BD20190087,Nangalkot,Cumilla,0.0,0.0,0.0,0.0,0.0,0.0
BD20190033,Sadar Dakkhin,Cumilla,0.0,0.0,0.0,0.0,0.0,0.0
BD20190094,Titas,Cumilla,0.1266802361895184,0.427031578411058,0.8385380535981751,7.030921839154738,31.797473262464045,43.678309476881324
BD20195000,Cumilla City Corporation,Cumilla,0.0,0.0,0.0,0.0,0.0,0.0
BD20220016,Chakaria,Cox's Bazar,0.36727369366257595,0.9453967613905709,1.393945423848815,33.13314564205854,40.43546335977183,43.44121906218069
BD20220024,Coxs Bazar Sadar,Cox's Bazar,0.2707286830307623,1.0093594845481422,1.6239380805105563,28.363603505918505,52.46227523267373,62.437878377157325
BD20220032,Eidgaon,Cox's Bazar,0.4957127554779348,1.1077452784790962,1.5804296427102003,36.461790530605384,44.355753476452556,44.70024786791582
BD20220045,Kutubdia,Cox's Bazar,0.0834700852985052,0.5946226514828432,1.7432843341394468,13.396016580729949,64.08856536245068,91.08280254777067
BD20220049,Maheshkhali,Cox's Bazar,0.6510396802573128,1.5092808647963503,2.142220207334505,51.690405171397764,58.58167345125524,60.66238134525246
BD20220056,Pekua,Cox's Bazar,0.5013217989255213,1.5122754293442933,2.3747555922621264,53.29106890280865,77.28834107900592,84.45140432410592
BD20220066,Ramu,Cox's Bazar,0.015245543025494794,0.05018283599081069,0.09254569825397303,1.2616654362352577,3.7414579665701226,4.859257576618014
BD20220090,Teknaf,Cox's Bazar,0.0717353794398518,0.2410153231831629,0.32610125685057445,7.484300402147429,20.63828522752036,23.405772697557403
BD20220094,Ukhia,Cox's Bazar,0.018382272862874492,0.07007159250417677,0.0966378123348366,1.2780855431512046,4.431821377351591,5.102499929698263
BD20300014,Chhagalnaiya,Feni,0.0,0.0,0.0,0.0,0.0,0.0
BD20300025,Daganbhuiyan,Feni,0.0,0.0,0.0,0.0,0.0,0.0
BD20300029,Feni Sadar,Feni,0.0,0.0,0.0,0.0,0.0,0.0
BD20300041,Fulgazi,Feni,0.0,0.0,0.0,0.0,0.0,0.0
BD20300051,Parashuram,Feni,0.0,0.0,0.0,0.0,0.0,0.0
BD20300094,Sonagazi,Feni,0.006565033356438874,0.04575443811959885,0.19270286447720503,0.6227184882971869,4.615172244547379,19.37636123807479
BD20460043,Dighinala,Khagrachhari,0.0,0.0,0.0,0.0,0.0,0.0
BD20460047,Guimara,Khagrachhari,0.0,0.0,0.0,0.0,0.0,0.0
BD20460049,Khagrachhari Sadar,Khagrachhari,0.0,0.0,0.0,0.0,0.0,0.0
BD20460061,Lakkhichhari,Khagrachhari,0.0,0.0,0.0,0.0,0.0,0.0
BD20460065,Mahalchhari,Khagrachhari,0.0,0.0,0.0,0.0,0.0,0.0
BD20460067,Manikchhari,Khagrachhari,0.0,0.0,0.0,0.0,0.0,0.0
BD20460070,Matiranga,Khagrachhari,0.0,0.0,0.0,0.0,0.0,0.0
BD20460077,Panchhari,Khagrachhari,0.0,0.0,0.0,0.0,0.0,0.0
BD20460080,Ramgarh,Khagrachhari,0.0,0.0,0.0,0.0,0.0,0.0
BD20510033,Kamalnagar,Lakshmipur,0.10036968891755683,0.32238567736361456,0.5823732522636818,7.780341205755567,21.756420375204893,31.623762977354122
BD20510043,Lakshmipur Sadar,Lakshmipur,0.12049644437554256,0.2190033690117735,0.3431517734222749,4.501476000364124,9.99908969140539,15.431681339974256
BD20510058,Raipur,Lakshmipur,0.08892332617080187,0.3509436538635715,0.5614215749885093,10.907916120063444,19.75407749691619,25.120905370743838
BD20510065,Ramganj,Lakshmipur,0.0,0.0,0.0,0.0,0.0,0.0
BD20510073,Ramgati,Lakshmipur,0.3396488938941172,0.6770327484124703,1.0077359691163454,16.550840159419987,28.56942580761449,40.23852917025493
BD20750007,Begumganj,Noakhali,0.0,0.0,0.0,0.0,0.0,0.0
BD20750010,Chatkhil,Noakhali,0.0,0.0,0.0,0.0,0.0,0.0
BD20750021,Companiganj,Noakhali,0.09517164821189315,0.31395813288306273,0.5814709115731737,7.23614729282546,21.24375132014363,36.37523762585369
BD20750036,Hatiya,Noakhali,0.3259338047436425,0.8872034904393272,1.3267441459096516,29.388252828399153,49.99559650430186,53.87710859697851
BD20750047,Kabirhat,Noakhali,0.0,0.0,0.01443035751078623,0.0,0.0,3.056492411467116
BD20750087,Noakhali Sadar,Noakhali,0.0,0.0,0.0,0.0,0.0,0.0
BD20750080,Senbag,Noakhali,0.0,0.0,0.0,0.0,0.0,0.0
BD20750083,Sonaimuri,Noakhali,0.0,0.0,0.0,0.0,0.0,0.0
BD20750085,Subarnachar,Noakhali,0.21120971812990616,0.5403997325560231,0.8571437735637224,13.091916694735904,28.353532593152792,38.241742877298236
BD20840007,Baghaichhari,Rangamati,0.0,0.0,0.0,0.0,0.0,0.0
BD20840021,Barkal,Rangamati,0.0,0.0,0.0,0.0,0.0,0.0
BD20840029,Belaichhari,Rangamati,0.0,0.0,0.0,0.0,0.0,0.0
BD20840047,Jurachhari,Rangamati,0.0,0.0,0.0,0.0,0.0,0.0
BD20840036,Kaptai,Rangamati,0.0,0.0,0.0,0.0,0.0,0.0
BD20840025,Kawkhali,Rangamati,0.0,0.0,0.0,0.0,0.0,0.0
BD20840058,Langadu,Rangamati,0.0,0.0,0.0,0.0,0.0,0.0
BD20840075,Naniarchar,Rangamati,0.0,0.0,0.0,0.0,0.0,0.0
BD20840078,Rajasthali,Rangamati,0.0,0.0,0.0,0.0,0.0,0.0
BD20840087,Rangamati Sadar,Rangamati,0.0,0.0,0.0,0.0,0.0,0.0
BD30260014,Dhamrai,Dhaka,0.0,0.0,0.0,0.0,0.0,0.0
BD30260018,Dohar,Dhaka,0.4375124891348904,0.7041565096808504,1.006242434209665,15.389823707901801,17.63171753140908,34.30548937984302
BD30260038,Keraniganj,Dhaka,0.09170314265590351,0.733526603058088,1.5755967651155656,12.906990313922282,57.4804527949586,86.4783910997005
BD30260062,Nawabganj,Dhaka,0.016377614049463297,0.1688354966695003,0.5239483768247568,5.315116664504878,13.297880006341247,40.876533068153975
BD30260072,Savar,Dhaka,0.0,0.44619933372965315,0.7219747094747087,0.0,20.736940882076958,29.096027525805454
BD30262500,Dhaka North City Corporation,Dhaka,0.0,0.33775133688311065,1.162981265001754,0.0,13.876272513703986,40.57078221526147
BD30262000,Dhaka South City Corporation,Dhaka,0.019291612869597394,0.07951878419227588,0.7241984046940447,1.3225888049723558,7.574169768366276,48.23112781411484
BD30290003,Alfadanga,Faridpur,0.0,0.4713308731027166,0.9096879861993875,0.0,29.912362894780344,52.37557184589097
BD30290010,Bhanga,Faridpur,0.0,0.025100171160243094,0.07598361935203087,0.0,2.450747199028888,7.445744000262465
BD30290018,Boalmari,Faridpur,0.0,0.0,0.0,0.0,0.0,0.0
BD30290021,Char Bhadrasan,Faridpur,1.4742010155066125,2.216231977858277,2.7480804458715076,45.01137046814961,46.8228036699166,49.975167943121505
BD30290047,Faridpur Sadar,Faridpur,0.22422364329394534,0.3611605822252143,0.4663893436420219,8.119607718617033,8.812722835602889,10.088272383354347
BD30290056,Madhukhali,Faridpur,0.0,0.0,0.0,0.0,0.0,0.0
BD30290062,Nagarkanda,Faridpur,0.0,0.0,0.0,0.0,0.0,0.0
BD30290084,Sadarpur,Faridpur,1.2981496885605404,1.8662587141933966,2.297014784546903,33.32984922522145,36.49037079620581,42.220857613211734
BD30290090,Saltha,Faridpur,0.0,0.0,0.0,0.0,0.0,0.0
BD30330030,Gazipur Sadar,Gazipur,0.0,0.0,0.008267828108776314,0.0,0.0,1.1948790896159318
BD30330032,Kaliakair,Gazipur,0.0,8.015386264257164E-4,0.016361064957170823,0.0,0.21632634374141557,1.9286237524036256
BD30330034,Kaliganj,Gazipur,0.0,0.0,0.23423740531669507,0.0,0.0,19.12135976972679
BD30330036,Kapasia,Gazipur,0.0,0.0,0.0,0.0,0.0,0.0
BD30330086,Sreepur,Gazipur,0.0,0.0,0.0,0.0,0.0,0.0
BD30333300,Gazipur City Corporation,Gazipur,0.0,0.14578429398041495,0.3165107723676431,0.0,11.645012947584608,16.3530225913028
BD30350032,Gopalganj Sadar,Gopalganj,0.46286909514760727,1.7890490906543042,2.840616522701312,53.707161017346685,92.0978318995038,98.45202690658697
BD30350043,Kashiani,Gopalganj,0.10813758742918313,1.002600917487851,1.8115855250497734,14.963014018979157,68.09728359200956,78.60967174172583
BD30350051,Kotalipara,Gopalganj,0.06555744494147363,0.5111710892023188,1.010445680086914,11.811069650529515,37.667209010044736,54.6497013863856
BD30350058,Muksudpur,Gopalganj,0.015221379355903057,0.17418227404461162,0.4019153260048714,3.0718848735038407,15.653467401582075,24.16457185028022
BD30350091,Tungipara,Gopalganj,0.6632036673372237,2.1295209635252776,3.2243300757119773,68.50001368850438,96.44920196019379,100.0
BD30480002,Austagram,Kishoreganj,0.026046029507472535,0.7783960413312194,1.7682627561968063,3.357139501010196,81.27261194380492,96.19766950148006
BD30480006,Bajitpur,Kishoreganj,0.18362747475309674,0.640031511000812,1.1786261885832847,13.063913322511231,41.202008380837306,54.579259315187414
BD30480011,Bhairab,Kishoreganj,0.4331048532081418,1.0620089094885088,1.6916431825042775,27.840057550506558,48.88795635753252,68.37719561177389
BD30480027,Hossainpur,Kishoreganj,0.0,0.0,0.0,0.0,0.0,0.0
BD30480033,Itna,Kishoreganj,0.0,0.3343295660340397,1.2192295803243682,0.0,60.34674291125641,93.48673307716128
BD30480042,Karimganj,Kishoreganj,0.0013870201810535008,0.3486155517124004,0.7326157442004076,0.7835455435847211,29.77651144154573,41.56709108716945
BD30480045,Katiadi,Kishoreganj,0.0,0.11811542219583657,0.23690103399673834,0.0,10.346023618795938,11.531918407795855
BD30480049,Kishoreganj Sadar,Kishoreganj,0.0,0.0011959513742673088,0.009002796398706379,0.0,0.5502560498041974,0.9760016065870073
BD30480054,Kuliarchar,Kishoreganj,0.01023818764210622,0.03637779382711001,0.07088371653866896,0.5164095943466738,1.8482027587144116,5.072365291839368
BD30480059,Mithamain,Kishoreganj,0.006008010474212845,0.328558698426521,1.2227051074823518,1.6867624422780911,43.35877373011801,95.38545407901488
BD30480076,Nikli,Kishoreganj,0.2062867668546591,1.3068548842678986,2.322364586653229,26.54792196776929,88.1926774102346,95.23784280463664
BD30480079,Pakundia,Kishoreganj,0.0,0.0,0.0,0.0,0.0,0.0
BD30480092,Tarail,Kishoreganj,0.0,0.10774942518712612,0.3907598127129909,0.0,14.743809757293452,34.49865163030154
BD30540018,Dasar,Madaripur,0.0,0.02800875784823558,0.1290690469020826,0.0,3.517427253209082,16.97501256224019
BD30540040,Kalkini,Madaripur,0.1290843887883426,0.6288067971538452,1.386234302453964,12.478491293275518,54.482414481382065,80.62323628604858
BD30540054,Madaripur Sadar,Madaripur,0.07871896456436957,0.5545663377193665,1.2784871497020964,7.558282208588954,51.02385821404225,76.16223585548734
BD30540080,Rajoir,Madaripur,0.019120778011988228,0.18050528208679884,0.4773082238165,4.965496322135436,17.923712747402742,38.263441267915375
BD30540087,Shibchar,Madaripur,0.8735783038069772,1.3586500933647347,1.8394676133508077,22.59352401827913,35.00631158689929,54.10644564696211
BD30560010,Daulatpur,Manikganj,0.0,0.0,0.0,0.0,0.0,0.0
BD30560022,Ghior,Manikganj,0.0,0.0,0.0,0.0,0.0,0.0
BD30560028,Harirampur,Manikganj,1.2686237868372958,1.8323788183772463,2.2457467649536964,34.1494862851016,36.17584386324463,39.14412519171
BD30560046,Manikganj Sadar,Manikganj,0.0,0.0,0.0,0.0,0.0,0.0
BD30560070,Saturia,Manikganj,0.0,0.0,0.0,0.0,0.0,0.0
BD30560078,Shibalay,Manikganj,0.0,0.0,0.0,0.0,0.0,0.0
BD30560082,Singair,Manikganj,0.0,0.005596823828979942,0.1313962472528014,0.0,0.7491984558005625,16.5657920565334
BD30590024,Gazaria,Munshiganj,1.0835322607237754,2.1921919757822144,3.191787350659326,47.68047954130833,85.63461037268702,93.17696116757887
BD30590044,Louhajang,Munshiganj,1.1745191288248509,1.873421161062614,2.6583604167337787,36.77359844214409,57.61248334529056,79.41477913293018
BD30590056,Munshiganj Sadar,Munshiganj,0.8018733222141435,1.5988350275286993,2.350060081565104,33.04263351952841,64.22405228180956,74.27196255492018
BD30590074,Sirajdikhan,Munshiganj,0.10530193158368156,0.6972599236468551,1.3963955838682163,15.401037509976055,52.98683160415002,73.6652035115722
BD30590084,Sreenagar,Munshiganj,0.03280196340139542,0.07209251792851587,0.4821880066576154,1.2273326445544908,4.537033738287792,49.273219566069336
BD30590094,Tongibari,Munshiganj,0.3003900728547414,0.6333894360297878,1.2502409016422564,14.098081829348953,32.230936407445895,84.29871806986044
BD30670002,Araihazar,Narayanganj,0.5764895898803675,1.0409581532458738,1.5900748667259,21.976377638561917,38.31850285303859,57.41590519133318
BD30670006,Bandar,Narayanganj,0.1042427648810262,0.26431119813265624,0.8012065185637658,6.2370228398019485,16.067720811371988,74.7324708513017
BD30670058,Narayanganj Sadar,Narayanganj,0.4135461962821402,1.229983774528217,2.124438645483171,27.120943337159556,72.76427006156734,92.267557132422
BD30670068,Rupganj,Narayanganj,0.0,0.0,0.9733108511788946,0.0,0.0,61.05495100218414
BD30670004,Sonargaon,Narayanganj,0.5368140370158823,0.9799813363142592,1.5781099922824615,20.067082125987366,36.54983527170245,64.33930059937283
BD30674400,Narayanganj City Corporation,Narayanganj,0.0439635391355795,0.2023599553943266,0.765975096579541,4.904912254937954,25.5084807988839,60.87084220574199
BD30680007,Belabo,Narsingdi,0.0,0.0034124628533181993,0.023169720224120696,0.0,1.612568548984734,2.1639247072773085
BD30680052,Manohardi,Narsingdi,0.0,0.0,0.0,0.0,0.0,0.0
BD30680060,Narsingdi Sadar,Narsingdi,0.6544798787574749,1.316163709495864,2.014727788651971,31.927362640891428,49.87957997495263,65.64175845348574
BD30680063,Palash,Narsingdi,0.0,0.0,0.17450103074168932,0.0,0.0,14.697265624999996
BD30680064,Raipura,Narsingdi,0.4468480561673081,1.014729835206136,1.5787297707029495,25.319710099957884,43.85846317515901,58.88317560229617
BD30680076,Shibpur,Narsingdi,0.0,0.0,1.5823435834221754E-4,0.0,0.0,0.04093816631130066
BD30820007,Baliakandi,Rajbari,0.0,0.0,0.0,0.0,0.0,0.0
BD30820029,Goalanda,Rajbari,0.0027481089424031884,0.016032200883430017,0.06836769669126885,0.4988082659655505,1.0762464063690202,2.329410030223358
BD30820047,Kalukhali,Rajbari,0.0,0.0,0.0,0.0,0.0,0.0
BD30820073,Pangsha,Rajbari,0.0,0.0,0.0,0.0,0.0,0.0
BD30820076,Rajbari Sadar,Rajbari,0.0,0.0,0.0,0.0,0.0,0.0
BD30860014,Bhedarganj,Shariatpur,0.38204122356601977,0.6819520735377166,1.137488421249779,11.663423246942385,29.69726650599927,51.39123374531211
BD30860025,Damudya,Shariatpur,0.0,0.02241930432795537,0.3084805290777507,0.0,5.541359421771187,52.164707600204395
BD30860036,Gosairhat,Shariatpur,0.22269775491196434,0.8925475087042751,1.610107240579021,17.937398082965437,52.42214532871973,77.62200214771507
BD30860065,Naria,Shariatpur,0.8086575055566227,1.192819824600107,1.4954235662181015,23.199053608119048,24.610858601581473,31.43328559865513
BD30860069,Shariatpur Sadar,Shariatpur,0.0,0.005673716833622737,0.1620434750602659,0.0,2.2956026730467785,25.9900173253032
BD30860094,Zajira,Shariatpur,0.355854368958036,0.5686065993394847,0.9514013446603821,11.479314605570694,20.58862936001073,48.22771053846042
BD30930009,Basail,Tangail,0.0,0.0,0.0,0.0,0.0,0.0
BD30930019,Bhuanpur,Tangail,0.0,0.0,0.0,0.0,0.0,0.0
BD30930023,Delduar,Tangail,0.0,0.0,0.0,0.0,0.0,0.0
BD30930025,Dhanbari,Tangail,0.0,0.0,0.0,0.0,0.0,0.0
BD30930028,Ghatail,Tangail,0.0,0.0,0.0,0.0,0.0,0.0
BD30930038,Gopalpur,Tangail,0.0,0.0,0.0,0.0,0.0,0.0
BD30930047,Kalihati,Tangail,0.0,0.0,0.0,0.0,0.0,0.0
BD30930057,Madhupur,Tangail,0.0,0.0,0.0,0.0,0.0,0.0
BD30930066,Mirzapur,Tangail,0.0,0.0,0.0,0.0,0.0,0.0
BD30930076,Nagarpur,Tangail,0.0,0.0,0.0,0.0,0.0,0.0
BD30930085,Sakhipur,Tangail,0.0,0.0,0.0,0.0,0.0,0.0
BD30930095,Tangail Sadar,Tangail,0.0,0.0,0.0,0.0,0.0,0.0
BD40010008,Bagerhat Sadar,Bagerhat,1.0485286723921554,2.5644737032116898,3.624300669356289,76.58636327290593,94.54782221308389,97.45382269284812
BD40010014,Chitalmari,Bagerhat,0.3151562704852972,1.4059320800556845,2.44396779268171,37.73284449875938,85.18497944672812,98.94456171536497
BD40010034,Fakirhat,Bagerhat,0.30872642303675696,1.0626446797359805,1.8674656630020932,30.191198099332517,59.9502206131916,84.85801561262595
BD40010038,Kachua,Bagerhat,0.16205255666525206,1.1198455652114505,2.1091651135479896,22.230232424015224,84.69634927043082,96.5799642424592
BD40010056,Mollahat,Bagerhat,0.16784825970758854,1.194098326426834,2.1738883957886572,23.341293532338327,79.90845771144281,94.40398009950255
BD40010058,Mongla,Bagerhat,1.412262470123204,2.8423746950675604,3.846319219621778,73.59281540429372,88.88866981962111,92.27739755567988
BD40010060,Morelganj,Bagerhat,0.985012870179217,2.560573119335772,3.646129616830209,79.98989635616975,97.4170523433935,99.07519066553678
BD40010073,Rampal,Bagerhat,1.6333906616288019,3.336690999398089,4.431048176925065,97.69104973522997,99.33807496625478,99.33807496625478
BD40010077,Sharankhola,Bagerhat,0.5046929940222599,1.382761291631366,2.15573357973942,33.47195661594858,64.03600494590913,72.3239809002032
BD40180007,Alamdanga,Chuadanga,0.0,0.0,0.0,0.0,0.0,0.0
BD40180023,Chuadanga Sadar,Chuadanga,0.0,0.0,0.0,0.0,0.0,0.0
BD40180031,Damurhuda,Chuadanga,0.0,0.0,0.0,0.0,0.0,0.0
BD40180055,Jibannagar,Chuadanga,0.0,0.0,0.0,0.0,0.0,0.0
BD40410004,Abhaynagar,Jashore,0.3236313440560622,0.7979414441076219,1.4001161651344105,18.29708820217325,36.212469105108454,54.034251283326284
BD40410009,Bagharpara,Jashore,0.0,0.0,0.0,0.0,0.0,0.0
BD40410011,Chaugachha,Jashore,0.0,0.0,0.0,0.0,0.0,0.0
BD40410047,Jashore Sadar,Jashore,0.0,0.0,0.0,0.0,0.0,0.0
BD40410023,Jhikargachha,Jashore,0.0,0.0,0.0,0.0,0.0,0.0
BD40410038,Keshabpur,Jashore,0.1190667014148483,0.44989899376973524,0.8383062419537826,12.00998261454769,27.311984745667647,38.947619314676665
BD40410061,Manirampur,Jashore,8.153466191306838E-5,0.018303963632761617,0.11221809712367062,0.05494061565807549,2.7187525248444713,8.214429991112551
BD40410090,Sharsha,Jashore,0.0,0.0,0.0,0.0,0.0,0.0
BD40440014,Harinakundu,Jhenaidah,0.0,0.0,0.0,0.0,0.0,0.0
BD40440019,Jhenaidah Sadar,Jhenaidah,0.0,0.0,0.0,0.0,0.0,0.0
BD40440033,Kaliganj,Jhenaidah,0.0,0.0,0.0,0.0,0.0,0.0
BD40440042,Kotchandpur,Jhenaidah,0.0,0.0,0.0,0.0,0.0,0.0
BD40440071,Maheshpur,Jhenaidah,0.0,0.0,0.0,0.0,0.0,0.0
BD40440080,Shailkupa,Jhenaidah,0.0,0.0,0.0,0.0,0.0,0.0
BD40470012,Batiaghata,Khulna,2.508554216994137,4.201337488873414,5.302986769245675,93.62063732928675,100.0,100.0
BD40470017,Dacope,Khulna,1.4010548627650756,2.7341547983126646,3.6459182786286197,63.53312075637241,80.38093616798385,84.24791624380443
BD40470040,Dighalia,Khulna,1.6390904568255962,3.213306975137033,4.3085686010002755,81.84130425718217,97.81928866280282,100.0
BD40470030,Dumuria,Khulna,1.5782670517913917,3.1289106255795973,4.208293763357501,79.0197377763052,95.77712563702056,99.37205156119343
BD40470053,Koyra,Khulna,1.6966090788772343,3.052727272562218,3.9554841014153506,73.69407042929778,81.59489816437332,82.53671868908431
BD40470064,Paikgachha,Khulna,2.709515021661438,4.313032183883005,5.379539224006967,89.37863337463067,95.45983036309919,97.61936529114645
BD40470069,Phultala,Khulna,0.5672041228846509,1.7301572811275738,2.774112831777268,47.22911884573944,87.82030261863491,98.95067222560544
BD40470075,Rupsa,Khulna,1.0291324448515147,2.534088314983245,3.6291261598919275,74.2185147262543,97.75944106486779,100.0
BD40470094,Terokhada,Khulna,0.9035532624352735,1.9651809659808424,2.9492261792223315,48.72125918471967,78.95156543697432,95.62930756232318
BD40473300,Khulna City Corporation,Khulna,0.5978635031895754,1.7542688210768476,2.814021328078057,45.30587055465556,89.36203039419888,98.03286276324921
BD40500015,Bheramara,Kushtia,0.0,0.0,0.0,0.0,0.0,0.0
BD40500039,Daulatpur,Kushtia,0.0,0.0,0.0,0.0,0.0,0.0
BD40500063,Khoksa,Kushtia,0.0,0.0,0.0,0.0,0.0,0.0
BD40500071,Kumarkhali,Kushtia,0.0,0.0,0.0,0.0,0.0,0.0
BD40500079,Kushtia Sadar,Kushtia,0.0,0.0,0.0,0.0,0.0,0.0
BD40500094,Mirpur,Kushtia,0.0,0.0,0.0,0.0,0.0,0.0
BD40550057,Magura Sadar,Magura,0.0,0.0,0.0,0.0,0.0,0.0
BD40550066,Mohammadpur,Magura,0.0,4.585079728601379E-5,0.0016545438522706205,0.0,0.04115161203526377,0.31338535319162414
BD40550085,Shalikha,Magura,0.0,0.0,0.0,0.0,0.0,0.0
BD40550095,Sreepur,Magura,0.0,0.0,0.0,0.0,0.0,0.0
BD40570047,Gangni,Meherpur,0.0,0.0,0.0,0.0,0.0,0.0
BD40570087,Meherpur Sadar,Meherpur,0.0,0.0,0.0,0.0,0.0,0.0
BD40570060,Mujibnagar,Meherpur,0.0,0.0,0.0,0.0,0.0,0.0
BD40650028,Kalia,Narail,0.682690741282333,1.9241217155057533,2.958351034167916,47.15714268646732,86.34185971493773,98.32140595691813
BD40650052,Lohagara,Narail,0.08562887424746275,0.5620366144348413,1.0864375164799862,9.483679962654938,38.84991953613502,58.6071766396816
BD40650076,Narail Sadar,Narail,0.02004557399633817,0.1267289720451319,0.31107314592611474,2.2128769236419727,12.096448378447866,20.17299004664487
BD40870004,Ashashuni,Satkhira,3.2125676213541627,4.917557580106744,6.011278681945507,98.35382708988658,99.2803355256887,99.2803355256887
BD40870025,Debhata,Satkhira,2.9123266506498195,4.5003766521149595,5.58342586556484,86.31320895832467,97.33036938546554,98.9196825528732
BD40870043,Kalaroa,Satkhira,0.0,1.919004342036727E-4,0.01360694103289161,0.0,0.02311105632934795,4.58831504991988
BD40870047,Kaliganj,Satkhira,1.8399096763691916,3.4176830623474466,4.509410300316907,81.08294250762522,97.76983372142602,99.72122921517828
BD40870082,Satkhira Sadar,Satkhira,0.6973157196320886,1.6529162200269023,2.410228222845523,44.46317497520958,63.71044803028934,73.68881276480661
BD40870086,Shyamnagar,Satkhira,2.00167972954549,3.459871714323435,4.411829688776949,81.58562861103101,86.2976381626799,86.4288704077291
BD40870090,Tala,Satkhira,0.8093716723075088,1.7568994432840248,2.5677658485091386,42.44609673336099,66.62305474891234,80.87989703332588
BD45390007,Bakshiganj,Jamalpur,0.0,0.0,0.0,0.0,0.0,0.0
BD45390015,Dewanganj,Jamalpur,0.0,0.0,0.0,0.0,0.0,0.0
BD45390029,Islampur,Jamalpur,0.0,0.0,0.0,0.0,0.0,0.0
BD45390036,Jamalpur Sadar,Jamalpur,0.0,0.0,0.0,0.0,0.0,0.0
BD45390058,Madarganj,Jamalpur,0.0,0.0,0.0,0.0,0.0,0.0
BD45390061,Melandaha,Jamalpur,0.0,0.0,0.0,0.0,0.0,0.0
BD45390085,Sarishabari,Jamalpur,0.0,0.0,0.0,0.0,0.0,0.0
BD45610013,Bhaluka,Mymensingh,0.0,0.0,0.0,0.0,0.0,0.0
BD45610016,Dhobaura,Mymensingh,0.0,0.0,0.0,0.0,0.0,0.0
BD45610020,Fulbaria,Mymensingh,0.0,0.0,0.0,0.0,0.0,0.0
BD45610081,Fulpur,Mymensingh,0.0,0.0,0.0,0.0,0.0,0.0
BD45610022,Gafargaon,Mymensingh,0.0,0.0,0.0,0.0,0.0,0.0
BD45610023,Gouripur,Mymensingh,0.0,0.0,0.0,0.0,0.0,0.0
BD45610024,Haluaghat,Mymensingh,0.0,0.0,0.0,0.0,0.0,0.0
BD45610031,Ishwarganj,Mymensingh,0.0,0.0,0.0,0.0,0.0,0.0
BD45610065,Muktagachha,Mymensingh,0.0,0.0,0.0,0.0,0.0,0.0
BD45610052,Mymensingh Sadar,Mymensingh,0.0,0.0,0.0,0.0,0.0,0.0
BD45610072,Nandail,Mymensingh,0.0,0.0,0.0,0.0,0.0,0.0
BD45610088,Tarakanda,Mymensingh,0.0,0.0,0.0,0.0,0.0,0.0
BD45610094,Trishal,Mymensingh,0.0,0.0,0.0,0.0,0.0,0.0
BD45614000,Mymensingh City Corporation,Mymensingh,0.0,0.0,0.0,0.0,0.0,0.0
BD45720004,Atpara,Netrakona,0.0,0.0,3.270844660284272E-4,0.0,0.0,0.10794986734973926
BD45720009,Barhatta,Netrakona,0.0,0.0,0.011622706397822882,0.0,0.0,2.5952804344691685
BD45720018,Durgapur,Netrakona,0.0,0.0,0.0,0.0,0.0,0.0
BD45720040,Kalmakanda,Netrakona,0.0,0.0,0.22133755872521577,0.0,0.0,19.259389032835106
BD45720047,Kendua,Netrakona,0.0,0.005428515826483733,0.031553688545652464,0.0,1.886103952379866,3.182657878532167
BD45720038,Khaliajuri,Netrakona,0.0,0.2796455791292081,1.099450936771121,0.0,52.423702734464946,83.29880420165016
BD45720056,Madan,Netrakona,0.0,0.06426084974244947,0.3989522097680515,0.0,14.41550290287149,41.51890789267224
BD45720063,Mohanganj,Netrakona,0.0,0.00613264564838105,0.22281666050320484,0.0,1.3026360083719979,28.706292171011235
BD45720074,Netrakona Sadar,Netrakona,0.0,0.0,0.0,0.0,0.0,0.0
BD45720083,Purbadhala,Netrakona,0.0,0.0,0.0,0.0,0.0,0.0
BD45890037,Jhenaigati,Sherpur,0.0,0.0,0.0,0.0,0.0,0.0
BD45890067,Nakla,Sherpur,0.0,0.0,0.0,0.0,0.0,0.0
BD45890070,Nalitabari,Sherpur,0.0,0.0,0.0,0.0,0.0,0.0
BD45890088,Sherpur Sadar,Sherpur,0.0,0.0,0.0,0.0,0.0,0.0
BD45890090,Sreebardi,Sherpur,0.0,0.0,0.0,0.0,0.0,0.0
BD50100006,Adamdighi,Bogura,0.0,0.0,0.0,0.0,0.0,0.0
BD50100020,Bogura Sadar,Bogura,0.0,0.0,0.0,0.0,0.0,0.0
BD50100027,Dhunat,Bogura,0.0,0.0,0.0,0.0,0.0,0.0
BD50100033,Dupchachia,Bogura,0.0,0.0,0.0,0.0,0.0,0.0
BD50100040,Gabtali,Bogura,0.0,0.0,0.0,0.0,0.0,0.0
BD50100054,Kahaloo,Bogura,0.0,0.0,0.0,0.0,0.0,0.0
BD50100067,Nandigram,Bogura,0.0,0.0,0.0,0.0,0.0,0.0
BD50100081,Sariakandi,Bogura,0.0,0.0,0.0,0.0,0.0,0.0
BD50100085,Shajahanpur,Bogura,0.0,0.0,0.0,0.0,0.0,0.0
BD50100088,Sherpur,Bogura,0.0,0.0,0.0,0.0,0.0,0.0
BD50100094,Shibganj,Bogura,0.0,0.0,0.0,0.0,0.0,0.0
BD50100095,Sonatala,Bogura,0.0,0.0,0.0,0.0,0.0,0.0
BD50380013,Akkelpur,Joypurhat,0.0,0.0,0.0,0.0,0.0,0.0
BD50380047,Joypurhat Sadar,Joypurhat,0.0,0.0,0.0,0.0,0.0,0.0
BD50380058,Kalai,Joypurhat,0.0,0.0,0.0,0.0,0.0,0.0
BD50380061,Khetlal,Joypurhat,0.0,0.0,0.0,0.0,0.0,0.0
BD50380074,Panchbibi,Joypurhat,0.0,0.0,0.0,0.0,0.0,0.0
BD50640003,Atrai,Naogaon,0.0,0.0,0.0,0.0,0.0,0.0
BD50640006,Badalgachhi,Naogaon,0.0,0.0,0.0,0.0,0.0,0.0
BD50640028,Dhamoirhat,Naogaon,0.0,0.0,0.0,0.0,0.0,0.0
BD50640050,Mahadebpur,Naogaon,0.0,0.0,0.0,0.0,0.0,0.0
BD50640047,Manda,Naogaon,0.0,0.0,0.0,0.0,0.0,0.0
BD50640060,Naogaon Sadar,Naogaon,0.0,0.0,0.0,0.0,0.0,0.0
BD50640069,Niamatpur,Naogaon,0.0,0.0,0.0,0.0,0.0,0.0
BD50640075,Patnitala,Naogaon,0.0,0.0,0.0,0.0,0.0,0.0
BD50640079,Porsha,Naogaon,0.0,0.0,0.0,0.0,0.0,0.0
BD50640085,Raninagar,Naogaon,0.0,0.0,0.0,0.0,0.0,0.0
BD50640086,Sapahar,Naogaon,0.0,0.0,0.0,0.0,0.0,0.0
BD50690009,Bagatipara,Natore,0.0,0.0,0.0,0.0,0.0,0.0
BD50690015,Baraigram,Natore,0.0,0.0,0.0,0.0,0.0,0.0
BD50690041,Gurudaspur,Natore,0.0,0.0,0.0,0.0,0.0,0.0
BD50690044,Lalpur,Natore,0.0,0.0,0.0,0.0,0.0,0.0
BD50690055,Naldanga,Natore,0.0,0.0,0.0,0.0,0.0,0.0
BD50690063,Natore Sadar,Natore,0.0,0.0,0.0,0.0,0.0,0.0
BD50690091,Singra,Natore,0.0,0.0,0.0,0.0,0.0,0.0
BD50700018,Bholahat,Chapainababganj,0.0,0.0,0.0,0.0,0.0,0.0
BD50700066,Chapainawabganj Sadar,Chapainababganj,0.0,0.0,0.0,0.0,0.0,0.0
BD50700037,Gomastapur,Chapainababganj,0.0,0.0,0.0,0.0,0.0,0.0
BD50700056,Nachole,Chapainababganj,0.0,0.0,0.0,0.0,0.0,0.0
BD50700088,Shibganj,Chapainababganj,0.0,0.0,0.0,0.0,0.0,0.0
BD50760005,Atgharia,Pabna,0.0,0.0,0.0,0.0,0.0,0.0
BD50760016,Bera,Pabna,0.0,0.0,0.0,0.0,0.0,0.0
BD50760019,Bhangura,Pabna,0.0,0.0,0.0,0.0,0.0,0.0
BD50760022,Chatmohar,Pabna,0.0,0.0,0.0,0.0,0.0,0.0
BD50760033,Faridpur,Pabna,0.0,0.0,0.0,0.0,0.0,0.0
BD50760039,Ishwardi,Pabna,0.0,0.0,0.0,0.0,0.0,0.0
BD50760055,Pabna Sadar,Pabna,0.0,0.0,0.0,0.0,0.0,0.0
BD50760072,Santhia,Pabna,0.0,0.0,0.0,0.0,0.0,0.0
BD50760083,Sujanagar,Pabna,0.0,0.0,0.0,0.0,0.0,0.0
BD50810010,Bagha,Rajshahi,0.0,0.0,0.0,0.0,0.0,0.0
BD50810012,Bagmara,Rajshahi,0.0,0.0,0.0,0.0,0.0,0.0
BD50810025,Charghat,Rajshahi,0.0,0.0,0.0,0.0,0.0,0.0
BD50810031,Durgapur,Rajshahi,0.0,0.0,0.0,0.0,0.0,0.0
BD50810034,Godagari,Rajshahi,0.0,0.0,0.0,0.0,0.0,0.0
BD50810053,Mohanpur,Rajshahi,0.0,0.0,0.0,0.0,0.0,0.0
BD50810072,Paba,Rajshahi,0.0,0.0,0.0,0.0,0.0,0.0
BD50810082,Puthia,Rajshahi,0.0,0.0,0.0,0.0,0.0,0.0
BD50810094,Tanore,Rajshahi,0.0,0.0,0.0,0.0,0.0,0.0
BD50816600,Rajshahi City Corporation,Rajshahi,0.0,0.0,0.0,0.0,0.0,0.0
BD50880011,Belkuchi,Sirajganj,0.0,0.0,0.0,0.0,0.0,0.0
BD50880027,Chouhali,Sirajganj,0.0,0.0,0.0,0.0,0.0,0.0
BD50880044,Kamarkhanda,Sirajganj,0.0,0.0,0.0,0.0,0.0,0.0
BD50880050,Kazipur,Sirajganj,0.0,0.0,0.0,0.0,0.0,0.0
BD50880061,Rayganj,Sirajganj,0.0,0.0,0.0,0.0,0.0,0.0
BD50880067,Shahjadpur,Sirajganj,0.0,0.0,0.0,0.0,0.0,0.0
BD50880078,Sirajganj Sadar,Sirajganj,0.0,0.0,0.0,0.0,0.0,0.0
BD50880089,Tarash,Sirajganj,0.0,0.0,0.0,0.0,0.0,0.0
BD50880094,Ullapara,Sirajganj,0.0,0.0,0.0,0.0,0.0,0.0
BD55270010,Birampur,Dinajpur,0.0,0.0,0.0,0.0,0.0,0.0
BD55270012,Birganj,Dinajpur,0.0,0.0,0.0,0.0,0.0,0.0
BD55270017,Birol,Dinajpur,0.0,0.0,0.0,0.0,0.0,0.0
BD55270021,Bochaganj,Dinajpur,0.0,0.0,0.0,0.0,0.0,0.0
BD55270030,Chirirbandar,Dinajpur,0.0,0.0,0.0,0.0,0.0,0.0
BD55270064,Dinajpur Sadar,Dinajpur,0.0,0.0,0.0,0.0,0.0,0.0
BD55270038,Fulbari,Dinajpur,0.0,0.0,0.0,0.0,0.0,0.0
BD55270043,Ghoraghat,Dinajpur,0.0,0.0,0.0,0.0,0.0,0.0
BD55270047,Hakimpur,Dinajpur,0.0,0.0,0.0,0.0,0.0,0.0
BD55270056,Kaharole,Dinajpur,0.0,0.0,0.0,0.0,0.0,0.0
BD55270060,Khansama,Dinajpur,0.0,0.0,0.0,0.0,0.0,0.0
BD55270069,Nababganj,Dinajpur,0.0,0.0,0.0,0.0,0.0,0.0
BD55270077,Parbatipur,Dinajpur,0.0,0.0,0.0,0.0,0.0,0.0
BD55320021,Fulchhari,Gaibandha,0.0,0.0,0.0,0.0,0.0,0.0
BD55320024,Gaibandha Sadar,Gaibandha,0.0,0.0,0.0,0.0,0.0,0.0
BD55320030,Gobindaganj,Gaibandha,0.0,0.0,0.0,0.0,0.0,0.0
BD55320067,Palashbari,Gaibandha,0.0,0.0,0.0,0.0,0.0,0.0
BD55320082,Sadullapur,Gaibandha,0.0,0.0,0.0,0.0,0.0,0.0
BD55320088,Saghata,Gaibandha,0.0,0.0,0.0,0.0,0.0,0.0
BD55320091,Sundarganj,Gaibandha,0.0,0.0,0.0,0.0,0.0,0.0
BD55490006,Bhurungamari,Kurigram,0.0,0.0,0.0,0.0,0.0,0.0
BD55490009,Chilmari,Kurigram,0.0,0.0,0.0,0.0,0.0,0.0
BD55490052,Kurigram Sadar,Kurigram,0.0,0.0,0.0,0.0,0.0,0.0
BD55490061,Nageshwari,Kurigram,0.0,0.0,0.0,0.0,0.0,0.0
BD55490018,Phulbari,Kurigram,0.0,0.0,0.0,0.0,0.0,0.0
BD55490077,Rajarhat,Kurigram,0.0,0.0,0.0,0.0,0.0,0.0
BD55490008,Rajibpur,Kurigram,0.0,0.0,0.0,0.0,0.0,0.0
BD55490079,Roumari,Kurigram,0.0,0.0,0.0,0.0,0.0,0.0
BD55490094,Ulipur,Kurigram,0.0,0.0,0.0,0.0,0.0,0.0
BD55520002,Aditmari,Lalmonirhat,0.0,0.0,0.0,0.0,0.0,0.0
BD55520033,Hatibandha,Lalmonirhat,0.0,0.0,0.0,0.0,0.0,0.0
BD55520039,Kaliganj,Lalmonirhat,0.0,0.0,0.0,0.0,0.0,0.0
BD55520055,Lalmonirhat Sadar,Lalmonirhat,0.0,0.0,0.0,0.0,0.0,0.0
BD55520070,Patgram,Lalmonirhat,0.0,0.0,0.0,0.0,0.0,0.0
BD55730012,Dimla,Nilphamari,0.0,0.0,0.0,0.0,0.0,0.0
BD55730015,Domar,Nilphamari,0.0,0.0,0.0,0.0,0.0,0.0
BD55730036,Jaldhaka,Nilphamari,0.0,0.0,0.0,0.0,0.0,0.0
BD55730045,Kishoreganj,Nilphamari,0.0,0.0,0.0,0.0,0.0,0.0
BD55730064,Nilphamari Sadar,Nilphamari,0.0,0.0,0.0,0.0,0.0,0.0
BD55730085,Saidpur,Nilphamari,0.0,0.0,0.0,0.0,0.0,0.0
BD55770004,Atowari,Panchagarh,0.0,0.0,0.0,0.0,0.0,0.0
BD55770025,Boda,Panchagarh,0.0,0.0,0.0,0.0,0.0,0.0
BD55770034,Debiganj,Panchagarh,0.0,0.0,0.0,0.0,0.0,0.0
BD55770073,Panchagarh Sadar,Panchagarh,0.0,0.0,0.0,0.0,0.0,0.0
BD55770090,Tentulia,Panchagarh,0.0,0.0,0.0,0.0,0.0,0.0
BD55850003,Badarganj,Rangpur,0.0,0.0,0.0,0.0,0.0,0.0
BD55850027,Gangachara,Rangpur,0.0,0.0,0.0,0.0,0.0,0.0
BD55850042,Kaunia,Rangpur,0.0,0.0,0.0,0.0,0.0,0.0
BD55850058,Mithapukur,Rangpur,0.0,0.0,0.0,0.0,0.0,0.0
BD55850073,Pirgachha,Rangpur,0.0,0.0,0.0,0.0,0.0,0.0
BD55850076,Pirganj,Rangpur,0.0,0.0,0.0,0.0,0.0,0.0
BD55850049,Rangpur Sadar,Rangpur,0.0,0.0,0.0,0.0,0.0,0.0
BD55850092,Taraganj,Rangpur,0.0,0.0,0.0,0.0,0.0,0.0
BD55857500,Rangpur City Corporation,Rangpur,0.0,0.0,0.0,0.0,0.0,0.0
BD55940008,Baliadangi,Thakurgaon,0.0,0.0,0.0,0.0,0.0,0.0
BD55940051,Haripur,Thakurgaon,0.0,0.0,0.0,0.0,0.0,0.0
BD55940082,Pirganj,Thakurgaon,0.0,0.0,0.0,0.0,0.0,0.0
BD55940086,Ranishankail,Thakurgaon,0.0,0.0,0.0,0.0,0.0,0.0
BD55940094,Thakurgaon Sadar,Thakurgaon,0.0,0.0,0.0,0.0,0.0,0.0
BD60360002,Ajmiriganj,Habiganj,0.0,0.0,0.4478457438694543,0.0,0.0,43.27100029682398
BD60360005,Bahubal,Habiganj,0.0,0.0,0.0,0.0,0.0,0.0
BD60360011,Baniachong,Habiganj,0.0,0.0012750427017458167,0.44778498081429036,0.0,0.5176620199185842,51.86365238546125
BD60360026,Chunarughat,Habiganj,0.0,0.0,0.0,0.0,0.0,0.0
BD60360044,Habiganj Sadar,Habiganj,0.0,0.0,0.014527346725116757,0.0,0.0,2.5883063678755525
BD60360068,Lakhai,Habiganj,0.0,0.2784756461379692,0.7689726668718361,0.0,31.5828677839851,56.60335195530725
BD60360071,Madhabpur,Habiganj,0.0,1.8232568805163536E-4,0.001440898671554504,0.0,0.08646559178068257,0.12715528203041554
BD60360077,Nabiganj,Habiganj,0.0,0.0,0.03130188948140285,0.0,0.0,4.813974445624538
BD60360087,Shayestaganj,Habiganj,0.0,0.0,0.0,0.0,0.0,0.0
BD60580014,Baralekha,Moulvibazar,0.0,0.0,0.0,0.0,0.0,0.0
BD60580035,Juri,Moulvibazar,0.0,0.0,0.0,0.0,0.0,0.0
BD60580056,Kamalganj,Moulvibazar,0.0,0.0,0.0,0.0,0.0,0.0
BD60580065,Kulaura,Moulvibazar,0.0,0.0,0.0,0.0,0.0,0.0
BD60580074,Moulvibazar Sadar,Moulvibazar,0.0,0.0,0.0,0.0,0.0,0.0
BD60580080,Rajnagar,Moulvibazar,0.0,0.0,0.0,0.0,0.0,0.0
BD60580083,Sreemangal,Moulvibazar,0.0,0.0,0.0,0.0,0.0,0.0
BD60900018,Bishwambharpur,Sunamganj,0.0,0.0,0.008690497914589732,0.0,0.0,2.992161170797103
BD60900023,Chhatak,Sunamganj,0.0,0.0,0.0,0.0,0.0,0.0
BD60900029,Derai,Sunamganj,0.0,0.07774737822363119,0.7676646129083635,0.0,14.317830421724219,72.40843092999701
BD60900032,Dharmapasha,Sunamganj,0.0,0.026557410624778267,0.7391776111938586,0.0,4.7361211619973105,64.18768737723562
BD60900033,Dowarabazar,Sunamganj,0.0,0.0,0.0,0.0,0.0,0.0
BD60900047,Jagannathpur,Sunamganj,0.0,0.0,0.18522431836922681,0.0,0.0,17.624760676935505
BD60900050,Jamalganj,Sunamganj,0.0,0.05276159003695017,0.5861315956926914,0.0,5.58444997616652,53.97807319527569
BD60900063,Madhyanagar,Sunamganj,0.0,0.0,1.3495179671908661,0.0,0.0,74.88646261042676
BD60900086,Shalla,Sunamganj,0.0,0.1022915474022394,0.7667501274539736,0.0,18.548842073397275,77.40288690435237
BD60900087,Shantiganj,Sunamganj,0.0,0.0,0.05345221296197413,0.0,0.0,11.933290891728435
BD60900089,Sunamganj Sadar,Sunamganj,0.0,0.0,0.004325537476158357,0.0,0.0,1.140013050654451
BD60900092,Tahirpur,Sunamganj,0.0,0.0,0.939612225225201,0.0,0.0,47.80921000665759
BD60910008,Balaganj,Sylhet,0.0,0.0,0.0,0.0,0.0,0.0
BD60910017,Beanibazar,Sylhet,0.0,0.0,0.0,0.0,0.0,0.0
BD60910020,Bishwanath,Sylhet,0.0,0.0,0.0,0.0,0.0,0.0
BD60910027,Companiganj,Sylhet,0.0,0.0,0.0,0.0,0.0,0.0
BD60910031,Dakkhin Surma,Sylhet,0.0,0.0,0.0,0.0,0.0,0.0
BD60910035,Fenchuganj,Sylhet,0.0,0.0,0.0,0.0,0.0,0.0
BD60910038,Golapganj,Sylhet,0.0,0.0,0.0,0.0,0.0,0.0
BD60910041,Gowainghat,Sylhet,0.0,0.0,0.0,0.0,0.0,0.0
BD60910053,Jaintapur,Sylhet,0.0,0.0,0.0,0.0,0.0,0.0
BD60910059,Kanaighat,Sylhet,0.0,0.0,0.0,0.0,0.0,0.0
BD60910060,Osmaninagar,Sylhet,0.0,0.0,0.0,0.0,0.0,0.0
BD60910062,Sylhet Sadar,Sylhet,0.0,0.0,0.0,0.0,0.0,0.0
BD60910094,Zakiganj,Sylhet,0.0,0.0,0.0,0.0,0.0,0.0
BD60915000,Sylhet City Corporation,Sylhet,0.0,0.0,0.0,0.0,0.0,0.0
