locality_code,locality_name,district_name,era5_cyclone_season_mean_of_annual_max_gust_ms,era5_cyclone_season_mean_of_annual_p95_gust_ms,era5_cyclone_season_mean_of_annual_max_wind10m_ms,era5_cyclone_season_mean_wind10m_ms,era5_cyclone_season_mean_of_annual_min_mslp_pa,era5_cyclone_season_mean_mslp_pa
BD10040009,Amtali,Barguna,22.05896731785365,10.951796586172922,11.606562929666328,3.0012412687086445,99049.14642857143,100604.53214285713
BD10040019,Bamna,Barguna,21.616884231567383,10.807839393615723,11.287497821058555,2.8980850706358448,99013.796875,100598.2265625
BD10040028,Barguna Sadar,Barguna,21.831033174381698,10.913848189420479,11.637310607617195,3.0138064082823224,99014.47311046511,100598.6219113372
BD10040047,Betagi,Barguna,21.616884231567383,10.807839393615723,11.287497821058555,2.8980850706358448,99013.796875,100598.2265625
BD10040085,Patharghata,Barguna,22.29397280075971,11.14301426270429,12.393523543266022,3.2639687117239724,99015.93497242648,100599.47656249999
BD10040090,Taltali,Barguna,24.735859963201708,12.351806209933372,16.382351793033596,4.5835103592611555,99023.6459173387,100603.98462701614
BD10060002,Agailjhara,Barishal,21.251420974731445,10.077704429626465,10.785592263709214,2.6055492047861906,99009.90625,100589.2734375
BD10060003,Babuganj,Barishal,21.237260818481445,10.167626261711122,10.755561652577365,2.8391697265908302,99065.09912109376,100608.9609375
BD10060007,Bakerganj,Barishal,21.29588971819196,10.164130697444994,10.753166776281788,2.855291582930459,99070.37181122448,100610.45711096938
BD10060010,Banaripara,Barishal,20.504974365234375,10.211286544799805,10.78547412709273,2.637804579760569,98999.2421875,100590.2734375
BD10060051,Barishal Sadar (Kotwali),Barishal,21.40625,10.157550811767578,10.74865877384305,2.8856386066285826,99080.296875,100613.2734375
BD10060032,Gaurnadi,Barishal,21.405519184313324,10.09738174237703,10.853981610293658,2.682556551532221,99024.1990131579,100592.85279605263
BD10060036,Hijla,Barishal,21.775459289550785,10.153202874319893,11.003069922603384,2.8963859058793178,99066.51562500001,100604.36049107142
BD10060062,Mehendiganj,Barishal,21.40625,10.157550811767578,10.74865877384305,2.8856386066285826,99080.296875,100613.2734375
BD10060069,Muladi,Barishal,21.72531975640191,10.153793334960938,10.968520260426056,2.8949263961045264,99068.38715277778,100605.5708912037
BD10060094,Ujirpur,Barishal,20.504974365234375,10.211286544799805,10.78547412709273,2.637804579760569,98999.2421875,100590.2734375
BD10065000,Barishal City Corporation,Barishal,21.40625,10.157550811767578,10.74865877384305,2.8856386066285826,99080.296875,100613.2734375
BD10090018,Bhola Sadar,Bhola,21.40625,10.157550811767578,10.74865877384305,2.8856386066285826,99080.296875,100613.2734375
BD10090021,Borhanuddin,Bhola,22.15228503459209,10.947920670380466,11.69613783087401,3.2140130075882576,99117.93918918919,100621.4396114865
BD10090025,Charfasson,Bhola,23.95922238590153,12.736149453024826,15.53276793078227,4.613065510717684,99146.61891698472,100630.88597328243
BD10090029,Daulatkhan,Bhola,21.958392235540575,10.834106599130937,11.07636634653117,3.000373260585994,99129.76965725806,100623.65448588709
BD10090054,Lalmohan,Bhola,23.616256193681192,12.430041139776055,14.786552105782219,4.365669402304414,99148.23437500001,100630.86860795453
BD10090065,Monpura,Bhola,24.07862663269043,13.135540962219238,16.295142299194772,5.045587177211817,99170.671875,100639.8203125
BD10090091,Tazumuddin,Bhola,23.332726428383275,12.346431079663729,14.184909562832424,4.2149556299896185,99166.6060855263,100635.77425986843
BD10420040,Jhalokathi Sadar,Jhalokati,20.504974365234375,10.211286544799805,10.78547412709273,2.637804579760569,98999.2421875,100590.2734375
BD10420043,Kanthalia,Jhalokati,21.45009775161743,10.718356466293335,11.212194266963682,2.8590429970045537,99011.613671875,100597.03359374999
BD10420073,Nalchhity,Jhalokati,20.818461542544156,10.192595855049463,10.772668786831973,2.7240077195407477,99027.43512228261,100598.2734375
BD10420084,Rajapur,Jhalokati,20.504974365234375,10.211286544799805,10.78547412709273,2.637804579760569,98999.2421875,100590.2734375
BD10780038,Bauphal,Patuakhali,22.312687481150906,10.829110930947696,11.653156740204182,3.0733986998913276,99098.84926470589,100614.52205882352
BD10780052,Dashmina,Patuakhali,22.80710792541504,11.195416450500488,12.146519267310254,3.175813296216461,99108.96875,100615.203125
BD10780055,Dumki,Patuakhali,22.495806164211697,10.964779641893175,11.83588360209532,3.111330031863599,99102.59722222222,100614.77430555556
BD10780057,Galachipa,Patuakhali,22.80710792541504,11.195416450500488,12.146519267310254,3.175813296216461,99108.96875,100615.203125
BD10780066,Kalapara,Patuakhali,25.523602647601432,12.775565471289294,17.589031263037878,5.001362380795037,99046.5353773585,100608.93926886794
BD10780076,Mirzaganj,Patuakhali,21.616884231567383,10.807839393615723,11.287497821058555,2.8980850706358448,99013.796875,100598.2265625
BD10780095,Patuakhali Sadar,Patuakhali,22.53031171754349,11.105282251224962,11.946746837949394,3.1112253367791083,99086.83575581395,100611.25508720931
BD10780097,Rangabali,Patuakhali,24.945567520571423,13.129329641100387,17.318943509189356,5.118407901945111,99132.25968309859,100624.16065140844
BD10790014,Bhandaria,Pirojpur,20.973146940532484,10.462466691669665,10.996852524552024,2.7473963653922637,99005.37047697368,100593.62212171053
BD10790090,Indurkani,Pirojpur,20.909305225719105,10.428214853460139,10.968028197625756,2.732452030987942,99004.53480113637,100593.16548295454
BD10790047,Kawkhali,Pirojpur,20.504974365234375,10.211286544799805,10.78547412709273,2.637804579760569,98999.2421875,100590.2734375
BD10790058,Mathbaria,Pirojpur,21.616884231567383,10.807839393615723,11.287497821058555,2.8980850706358448,99013.796875,100598.2265625
BD10790076,Nazirpur,Pirojpur,20.504974365234375,10.211286544799805,10.78547412709273,2.637804579760569,98999.2421875,100590.2734375
BD10790087,Nesarabad (Swarupkathi),Pirojpur,20.504974365234375,10.211286544799805,10.78547412709273,2.637804579760569,98999.2421875,100590.2734375
BD10790080,Pirojpur Sadar,Pirojpur,20.504974365234375,10.211286544799805,10.78547412709273,2.637804579760569,98999.2421875,100590.2734375
BD20030004,Alikadam,Bandarban,20.517390364692325,10.615378300348919,8.355326493916573,2.2373187839284636,99225.5779389881,100727.15550595238
BD20030014,Bandarban Sadar,Bandarban,18.813972316804477,9.994858945002322,7.200459692770058,2.030100810263691,99264.77612704919,100719.78483606556
BD20030051,Lama,Bandarban,20.116443634033203,10.487586975097656,7.821052695543551,2.185526036529948,99240.09375,100728.5546875
BD20030073,Naikkhongchhari,Bandarban,20.976338958740232,10.776236724853515,9.037411975676562,2.3154640360667758,99206.95624999997,100723.6109375
BD20030089,Rowangchhari,Bandarban,18.671884536743164,9.941106796264648,7.13275863792204,2.0131453310346443,99267.46875,100718.828125
BD20030091,Ruma,Bandarban,19.407108899709343,10.200507215551427,7.225385803858117,2.0082473025641736,99261.50707347976,100734.57506334462
BD20030095,Thanchi,Bandarban,20.449372951801006,10.370277844942533,7.070389508346544,1.837178910904663,99263.17427884616,100768.05010516828
BD20120002,Akhaura,Brahmanbaria,20.20180829366048,9.89065663019816,8.986269795933548,2.3799834818611583,99189.552734375,100648.38997395833
BD20120033,Ashuganj,Brahmanbaria,20.303016662597656,9.846402168273926,9.568752591039436,2.5065128667893353,99162.9609375,100625.125
BD20120004,Banchharampur,Brahmanbaria,20.889923191070555,10.117912626266481,9.594634782875012,2.565753351605597,99162.021484375,100625.87148437499
BD20120007,Bijoynagar,Brahmanbaria,20.164216613769533,9.90709400177002,8.769919043465649,2.332986853173549,99199.42968750001,100657.03125
BD20120013,Brahmanbaria Sadar,Brahmanbaria,20.285666656494143,9.853988647460938,9.468898397592712,2.484822115087362,99167.51953125,100629.11328125
BD20120063,Kasba,Brahmanbaria,20.901453415552776,10.20930778980255,9.433719109424876,2.555071877315696,99175.70182291666,100633.48665364584
BD20120085,Nabinagar,Brahmanbaria,20.41877731910119,9.899954526852337,9.573857559843297,2.518197380559801,99162.77564102563,100625.27223557691
BD20120090,Nasirnagar,Brahmanbaria,20.19985446414432,9.891510963439943,8.97502495432919,2.377540829642468,99190.06608952704,100648.83910472973
BD20120094,Sarail,Brahmanbaria,20.282196655273438,9.85550594329834,9.44892755890337,2.4804839647469676,99168.43125,100629.91093750001
BD20130022,Chandpur Sadar,Chandpur,21.825839451381135,10.164625440325054,11.008373733547602,2.8922029892529615,99066.69464285714,100603.44799107143
BD20130045,Faridganj,Chandpur,21.54027862548828,10.475594329833983,10.058663725675546,2.739265180148453,99130.0775,100618.1165625
BD20130047,Haimchar,Chandpur,21.836994171142578,10.152478218078613,11.045471780730105,2.898177122421107,99064.21875,100602.875
BD20130049,Hajiganj,Chandpur,21.446578979492188,10.577630996704102,9.747040129342526,2.6890824615360365,99150.875,100622.9296875
BD20130058,Kachua,Chandpur,21.317670481545587,10.409673622676303,9.67286042489629,2.6401018968911787,99156.57533482143,100624.72098214286
BD20130076,Matlab Dakkhin,Chandpur,21.492666978102463,10.350346932044395,10.103951781574711,2.7252868533969603,99127.48557692306,100617.78786057691
BD20130079,Matlab Uttar,Chandpur,21.65048279081072,10.128970316478185,10.810766289801219,2.7897568450077563,99083.01869419643,100603.30608258928
BD20130095,Shahrasti,Chandpur,21.446578979492188,10.577630996704102,9.747040129342526,2.6890824615360365,99150.875,100622.9296875
BD20150004,Anwara,Chattogram,21.34941864013672,12.130634307861328,13.853061415793553,4.328626025363292,99210.3828125,100668.0859375
BD20150008,Banshkhali,Chattogram,22.15476703643799,12.744799137115477,15.015952566491082,4.745173130719723,99203.22265625,100670.82421875
BD20150012,Boalkhali,Chattogram,21.34941864013672,12.130634307861328,13.853061415793553,4.328626025363292,99210.3828125,100668.0859375
BD20150018,Chandanaish,Chattogram,20.30815537770589,11.279151386684841,11.239610335510188,3.4281613109021514,99232.58289930556,100687.81901041667
BD20150033,Fatikchhari,Chattogram,19.47853436047518,10.455516465102571,9.698777028983217,2.88973247750691,99251.11451740506,100672.16129351266
BD20150037,Hathazari,Chattogram,19.788427352905273,10.731514824761286,10.440816311710524,3.149575718962905,99247.04571759258,100671.8660300926
BD20150039,Karnaphuli,Chattogram,21.34941864013672,12.130634307861328,13.853061415793553,4.328626025363292,99210.3828125,100668.0859375
BD20150047,Lohagara,Chattogram,20.517813205718994,11.088328327451434,9.76300886717878,2.892635863810363,99234.95200892857,100712.72237723213
BD20150053,Mirsarai,Chattogram,21.35239360017597,11.490656618802054,11.731197624573005,3.465158684410696,99223.60495283021,100653.06942806605
BD20150061,Patiya,Chattogram,21.090302436582505,11.918744548674551,13.20270953406405,4.104547248492778,99215.90725806452,100672.9964717742
BD20150070,Rangunia,Chattogram,19.52709246790686,10.5139263286147,9.625457760454152,2.8539722572580137,99247.93586482557,100687.57957848837
BD20150074,Raozan,Chattogram,19.909622328622,10.840142113821848,10.705742173828773,3.2411168918200777,99244.19921875,100671.57254464284
BD20150078,Sandwip,Chattogram,22.08822450405214,12.197040348518186,13.268929642828308,4.088597368683057,99223.8946265244,100654.97313262196
BD20150082,Satkania,Chattogram,20.429016292095184,11.377984225749971,11.54295733590022,3.5326795366878194,99230.00610351562,100685.52856445312
BD20150086,Sitakunda,Chattogram,20.580975080791276,11.221967680412426,11.433283781653175,3.447915393543788,99234.25945723685,100665.00589364035
BD20151600,Chattogram City Corporation,Chattogram,21.34941864013672,12.130634307861328,13.853061415793553,4.328626025363292,99210.3828125,100668.0859375
BD20190067,Adarsha Sadar,Cumilla,20.66938654581706,10.256860733032228,9.132921645346997,2.5103262455191775,99200.73111979167,100646.87239583334
BD20190009,Barura,Cumilla,21.321808285183376,10.415064847027814,9.675241501829133,2.641674112546446,99156.3923611111,100624.66348379629
BD20190015,Brahmanpara,Cumilla,21.205949783325195,10.264110565185547,9.608571347709553,2.597652074198969,99161.515625,100626.2734375
BD20190018,Burichang,Cumilla,21.15995864868164,10.263489151000977,9.567801373221334,2.590167003169272,99164.876953125,100628.0390625
BD20190027,Chandina,Cumilla,21.205949783325195,10.264110565185547,9.608571347709553,2.597652074198969,99161.515625,100626.2734375
BD20190031,Chauddagram,Cumilla,19.846229553222656,10.172734260559082,8.874488412886366,2.4848031030879265,99222.2265625,100651.9609375
BD20190036,Daudkandi,Cumilla,21.331219940185544,10.224231147766114,9.95339311184984,2.6511643692444284,99139.0784375,100619.595
BD20190040,Debidwar,Cumilla,21.205949783325195,10.264110565185547,9.608571347709553,2.597652074198969,99161.515625,100626.2734375
BD20190054,Homna,Cumilla,21.205949783325195,10.264110565185547,9.608571347709553,2.597652074198969,99161.515625,100626.2734375
BD20190072,Laksam,Cumilla,21.446578979492188,10.577630996704102,9.747040129342526,2.6890824615360365,99150.875,100622.9296875
BD20190073,Lalmai,Cumilla,21.077267573429985,10.484193288362944,9.545682040929567,2.641941071124934,99167.34074519231,100629.62920673077
BD20190074,Manoharganj,Cumilla,21.446578979492188,10.577630996704102,9.747040129342526,2.6890824615360365,99150.875,100622.9296875
BD20190075,Meghna,Cumilla,21.61606041590373,10.133552948633831,10.737452123168824,2.7728411353597,99088.06054687499,100604.40950520833
BD20190081,Muradnagar,Cumilla,21.205949783325195,10.264110565185547,9.608571347709553,2.597652074198969,99161.515625,100626.2734375
BD20190087,Nangalkot,Cumilla,20.24631690979004,10.273958444595337,9.092626342000406,2.535872942699954,99204.388671875,100644.70312499999
BD20190033,Sadar Dakkhin,Cumilla,20.620608069679957,10.256201657381924,9.089680763314037,2.5023875338210146,99204.29616477272,100648.74502840909
BD20190094,Titas,Cumilla,21.205949783325195,10.264110565185547,9.608571347709553,2.597652074198969,99161.515625,100626.2734375
BD20195000,Cumilla City Corporation,Cumilla,20.83802070617676,10.259139251708985,9.282411551803799,2.537771505961398,99188.40625,100640.39843750001
BD20220016,Chakaria,Cox's Bazar,22.01222483317057,12.401838302612305,13.392913376640259,4.169655502894085,99210.73958333331,100691.89322916667
BD20220024,Coxs Bazar Sadar,Cox's Bazar,23.720272064208984,13.4157075881958,16.878009039625795,5.0727441911061115,99191.3046875,100679.796875
BD20220032,Eidgaon,Cox's Bazar,22.391834020614624,12.42459511756897,13.70223616193871,4.095433842907959,99196.4462890625,100692.646484375
BD20220045,Kutubdia,Cox's Bazar,22.960115432739258,13.358963966369629,16.178843717188613,5.161720236076154,99196.0625,100673.5625
BD20220049,Maheshkhali,Cox's Bazar,23.167430877685547,13.37443949959495,16.36952516876239,5.137454041993415,99194.76491477272,100675.26278409091
BD20220056,Pekua,Cox's Bazar,22.960115432739258,13.358963966369629,16.178843717188613,5.161720236076154,99196.0625,100673.5625
BD20220066,Ramu,Cox's Bazar,21.791165096003837,11.510788336032777,11.25223917089462,3.0671066995715517,99199.72618140245,100711.40377286584
BD20220090,Teknaf,Cox's Bazar,21.828515030616938,11.057415651720623,11.480380225716853,2.998016368077359,99180.47565406976,100712.51816860464
BD20220094,Ukhia,Cox's Bazar,21.61280600229899,11.276283899943035,10.597586336362479,2.802081145143504,99197.44401041669,100715.27864583334
BD20300014,Chhagalnaiya,Feni,19.846229553222656,10.172734260559082,8.874488412886366,2.4848031030879265,99222.2265625,100651.9609375
BD20300025,Daganbhuiyan,Feni,19.846229553222656,10.172734260559082,8.874488412886366,2.4848031030879265,99222.2265625,100651.9609375
BD20300029,Feni Sadar,Feni,19.846229553222656,10.172734260559082,8.874488412886366,2.4848031030879265,99222.2265625,100651.9609375
BD20300041,Fulgazi,Feni,19.846229553222656,10.172734260559082,8.874488412886366,2.4848031030879265,99222.2265625,100651.9609375
BD20300051,Parashuram,Feni,19.846229553222656,10.172734260559082,8.874488412886366,2.4848031030879265,99222.2265625,100651.9609375
BD20300094,Sonagazi,Feni,21.299017093799733,11.43301154949047,11.601006906022214,3.4181993873219154,99222.98524305556,100652.65306712962
BD20460043,Dighinala,Khagrachhari,18.85251311461131,9.574086944262188,7.246118526848785,2.0111900822492332,99254.09130859376,100698.083984375
BD20460047,Guimara,Khagrachhari,18.8256403316151,9.977482535622336,7.94270632196886,2.2675467903528626,99232.69779829546,100671.31534090909
BD20460049,Khagrachhari Sadar,Khagrachhari,18.792720794677734,9.953163146972656,7.8520074620356795,2.2353098045714352,99231.7109375,100671.2578125
BD20460061,Lakkhichhari,Khagrachhari,19.516950607299805,10.488189697265625,9.84738238056565,2.944523491762838,99253.421875,100672.5234375
BD20460065,Mahalchhari,Khagrachhari,18.70876129468282,9.782823006312052,7.5601337815987115,2.12775176323667,99241.38509114584,100682.015625
BD20460067,Manikchhari,Khagrachhari,19.516950607299805,10.488189697265625,9.84738238056565,2.944523491762838,99253.421875,100672.5234375
BD20460070,Matiranga,Khagrachhari,18.805726770769088,9.941065470377604,7.84889187473687,2.23440580124514,99232.06071820176,100671.70518092105
BD20460077,Panchhari,Khagrachhari,18.948792507773952,9.80799102783203,7.814620414449975,2.2244617646558953,99235.90830592105,100676.62623355261
BD20460080,Ramgarh,Khagrachhari,18.841002782185875,9.988831583658854,7.985032456604345,2.282590717050862,99233.15833333334,100671.3421875
BD20510033,Kamalnagar,Lakshmipur,22.307113647460938,11.261404991149902,11.283339550334192,3.072837252559096,99161.015625,100630.2109375
BD20510043,Lakshmipur Sadar,Lakshmipur,21.844801076253255,10.861718845367431,10.54744807951368,2.884547709437843,99149.72578125,100625.52291666667
BD20510058,Raipur,Lakshmipur,21.64959487915039,10.356551551818846,10.422224588064068,2.797811685196273,99105.81374999999,100612.50125
BD20510065,Ramganj,Lakshmipur,21.446578979492188,10.577630996704102,9.747040129342526,2.6890824615360365,99150.875,100622.9296875
BD20510073,Ramgati,Lakshmipur,22.307113647460938,11.261404991149902,11.283339550334192,3.072837252559096,99161.015625,100630.2109375
BD20750007,Begumganj,Noakhali,21.459286338404606,10.678962707519533,9.978624037292755,2.7483698534937218,99160.52055921053,100627.51850328947
BD20750010,Chatkhil,Noakhali,21.446578979492188,10.577630996704102,9.747040129342526,2.6890824615360365,99150.875,100622.9296875
BD20750021,Companiganj,Noakhali,21.586013880642977,11.634427244013006,12.03919110413009,3.5574522702786555,99220.29438920454,100651.74786931818
BD20750036,Hatiya,Noakhali,23.556646185406183,12.697741783271402,15.022399351086287,4.575598216882015,99173.93908898305,100639.49430614406
BD20750047,Kabirhat,Noakhali,21.740535259246826,11.55449390411377,11.87722291403097,3.4536061950530352,99207.591796875,100647.1328125
BD20750087,Noakhali Sadar,Noakhali,22.307113647460938,11.261404991149902,11.283339550334192,3.072837252559096,99161.015625,100630.2109375
BD20750080,Senbag,Noakhali,20.302448484632702,10.404601044125029,9.375546545893156,2.6405970042511027,99210.43359374999,100647.21267361111
BD20750083,Sonaimuri,Noakhali,21.373835823752664,10.559226599606601,9.707378687685429,2.6797970361520314,99154.11825284093,100624.24928977272
BD20750085,Subarnachar,Noakhali,22.044253964577948,11.442702031904648,11.655644364272002,3.2973615399548213,99185.09778225806,100639.06602822579
BD20840007,Baghaichhari,Rangamati,18.58459214466374,9.508402411530659,6.461749617562493,1.7056521830952152,99281.01329077745,100728.59065358233
BD20840021,Barkal,Rangamati,18.298249940614443,9.163988448478081,6.899749910881918,1.8390724566131182,99260.58129222973,100701.51689189191
BD20840029,Belaichhari,Rangamati,18.80957145690918,9.87492870092392,6.712097881665772,1.7959858256651258,99292.57939453125,100748.20009765626
BD20840047,Jurachhari,Rangamati,18.409857709642868,9.332944547626333,6.952619380045495,1.8608369453644953,99267.90911091548,100710.36465669013
BD20840036,Kaptai,Rangamati,18.467892837524413,9.524323654174804,7.0766579408181585,1.9392465480552559,99263.02291666667,100708.03229166666
BD20840025,Kawkhali,Rangamati,19.320542526245116,10.275621490478516,9.396212372611508,2.7733333511525107,99254.335625,100676.6934375
BD20840058,Langadu,Rangamati,18.326822280883786,9.178032875061033,6.48707416926337,1.724417309016703,99265.2578125,100710.97968749997
BD20840075,Naniarchar,Rangamati,18.94117212295532,9.862734344270494,8.459502600674377,2.4236323333019834,99256.75672743056,100686.12174479166
BD20840078,Rajasthali,Rangamati,18.671884536743164,9.941106796264648,7.13275863792204,2.0131453310346443,99267.46875,100718.828125
BD20840087,Rangamati Sadar,Rangamati,18.36056244891623,9.236655871073404,7.1910372250385475,1.9366105262129023,99258.80174365942,100697.07506793478
BD30260014,Dhamrai,Dhaka,21.214914321899414,9.931682586669922,10.101481464302882,2.565254218297013,99067.75,100582.4140625
BD30260018,Dohar,Dhaka,21.327045440673828,9.964703559875488,11.025139827599975,2.6863443658198656,99012.9609375,100578.015625
BD30260038,Keraniganj,Dhaka,21.61708789401584,10.104241795010036,10.860640112587175,2.7773870749995755,99073.78038194445,100599.71006944445
BD30260062,Nawabganj,Dhaka,21.327045440673828,9.964703559875488,11.025139827599975,2.6863443658198656,99012.9609375,100578.015625
BD30260072,Savar,Dhaka,20.830856884227078,9.884819114909453,10.038287888187119,2.5741295119729495,99084.26148897059,100591.42049632352
BD30262500,Dhaka North City Corporation,Dhaka,20.651052951812744,9.885028004646301,9.99990015762125,2.603131126217368,99105.1328125,100601.42578125
BD30262000,Dhaka South City Corporation,Dhaka,21.653343200683594,10.121684074401855,10.840077648210576,2.7887674136470393,99081.3828125,100602.421875
BD30290003,Alfadanga,Faridpur,20.214080810546875,9.970330238342285,10.231841345870304,2.5682159056880676,98917.859375,100563.7578125
BD30290010,Bhanga,Faridpur,21.308895568847657,9.991823768615722,10.967648412266193,2.6669535271717835,99012.22781250002,100580.7175
BD30290018,Boalmari,Faridpur,20.59497122929014,9.80337849978743,10.111903233716111,2.5505978264611975,98925.74191810345,100567.60425646552
BD30290021,Char Bhadrasan,Faridpur,21.327045440673828,9.964703559875488,11.025139827599975,2.6863443658198656,99012.9609375,100578.015625
BD30290047,Faridpur Sadar,Faridpur,20.924418796192516,9.823364106091587,10.398081580011953,2.5931803552889927,98957.12872869319,100571.96022727274
BD30290056,Madhukhali,Faridpur,20.716163635253906,9.75025749206543,10.073741107121595,2.5449920739799206,98928.25,100568.828125
BD30290062,Nagarkanda,Faridpur,21.316733013499867,9.980112769386984,10.992474250705781,2.675326843860728,99012.54438920454,100579.55078125
BD30290084,Sadarpur,Faridpur,21.327045440673828,9.964703559875488,11.025139827599975,2.6863443658198656,99012.9609375,100578.015625
BD30290090,Saltha,Faridpur,20.786193245335628,9.795700173628957,10.232283022920745,2.5685331638340245,98941.07853618421,100570.01192434209
BD30330030,Gazipur Sadar,Gazipur,20.049678802490234,9.743034362792969,9.495793663267653,2.491749353759565,99119.3828125,100600.828125
BD30330032,Kaliakair,Gazipur,20.67113774617513,9.843646748860676,9.818827157153109,2.530951948179537,99091.8453125,100591.00729166667
BD30330034,Kaliganj,Gazipur,20.049678802490234,9.743034362792969,9.495793663267653,2.491749353759565,99119.3828125,100600.828125
BD30330036,Kapasia,Gazipur,20.049678802490234,9.743034362792969,9.495793663267653,2.491749353759565,99119.3828125,100600.828125
BD30330086,Sreepur,Gazipur,19.745211187398663,9.508838293687354,9.309596781557964,2.408588781762288,99113.98260613208,100602.20636792453
BD30333300,Gazipur City Corporation,Gazipur,20.118222068337836,9.754131317138672,9.531422357446196,2.4960731693205913,99116.34558823529,100599.74494485294
BD30350032,Gopalganj Sadar,Gopalganj,20.836484909057617,10.034754753112793,10.56409189657365,2.5906158851469416,98973.0875,100579.0671875
BD30350043,Kashiani,Gopalganj,20.44099897146225,9.993818342685698,10.352974359147566,2.576382564865782,98937.99462890625,100569.33935546874
BD30350051,Kotalipara,Gopalganj,21.186512573905613,10.089320265728494,10.785581990959955,2.6083540200013537,99008.97894021739,100589.36039402174
BD30350058,Muksudpur,Gopalganj,21.188551873871777,10.07119690288197,10.75203160202201,2.603286580598426,99004.32765151517,100587.72703598486
BD30350091,Tungipara,Gopalganj,21.038150514875138,10.115870748247417,10.785558510390219,2.614765026207442,99006.85937499999,100589.55915178571
BD30480002,Austagram,Kishoreganj,19.456587764195035,8.872861044747488,8.961785086391131,2.132207567963717,99134.61361607142,100628.87700892855
BD30480006,Bajitpur,Kishoreganj,20.22277755737305,9.749336719512941,9.52037515085956,2.4714309329862436,99158.9640625,100624.68984375
BD30480011,Bhairab,Kishoreganj,20.303016662597656,9.846402168273926,9.568752591039436,2.5065128667893353,99162.9609375,100625.125
BD30480027,Hossainpur,Kishoreganj,19.10045623779297,9.012893676757812,8.915297502643329,2.2324840410621714,99102.546875,100605.125
BD30480033,Itna,Kishoreganj,19.4673334757487,8.85413560413179,9.029112502432941,2.1395702768655487,99126.45052083333,100623.68266369047
BD30480042,Karimganj,Kishoreganj,19.500625610351562,8.875747680664062,9.084978189240685,2.1556935287584205,99122.9921875,100620.7734375
BD30480045,Katiadi,Kishoreganj,19.573570251464844,8.963988997719504,9.128957680313299,2.18758619585214,99126.62571022728,100621.1690340909
BD30480049,Kishoreganj Sadar,Kishoreganj,19.48061714172363,8.88260498046875,9.076494154910817,2.159533054373608,99121.96992187499,100619.99101562501
BD30480054,Kuliarchar,Kishoreganj,20.303016662597656,9.846402168273926,9.568752591039436,2.5065128667893353,99162.9609375,100625.125
BD30480059,Mithamain,Kishoreganj,19.44684600830078,8.840835864727314,8.994733618243561,2.129648275700704,99128.57872596153,100625.47295673077
BD30480076,Nikli,Kishoreganj,19.500625610351562,8.875747680664062,9.084978189240685,2.1556935287584205,99122.9921875,100620.7734375
BD30480079,Pakundia,Kishoreganj,19.17107436236213,8.988691442153034,8.945241153219333,2.218932774185039,99106.15487132352,100607.88648897059
BD30480092,Tarail,Kishoreganj,19.500625610351562,8.875747680664062,9.084978189240685,2.1556935287584205,99122.9921875,100620.7734375
BD30540018,Dasar,Madaripur,21.251420974731445,10.077704429626465,10.785592263709214,2.6055492047861906,99009.90625,100589.2734375
BD30540040,Kalkini,Madaripur,21.54420757293701,10.115091323852539,10.91553202221966,2.7518631636036486,99037.0625,100596.07421875
BD30540054,Madaripur Sadar,Madaripur,21.251420974731445,10.077704429626465,10.785592263709214,2.6055492047861906,99009.90625,100589.2734375
BD30540080,Rajoir,Madaripur,21.251420974731445,10.077704429626465,10.785592263709214,2.6055492047861906,99009.90625,100589.2734375
BD30540087,Shibchar,Madaripur,21.29568895479528,10.011557579040527,10.925815227937953,2.6528439331961473,99011.69435975612,100582.68349847561
BD30560010,Daulatpur,Manikganj,21.031599044799805,9.699173927307129,10.377532825490679,2.5652547234594696,99021.23082386363,100571.37215909093
BD30560022,Ghior,Manikganj,21.1927553323599,9.903577144329367,10.134850310160749,2.5652542793606066,99062.12680288462,100581.07932692306
BD30560028,Harirampur,Manikganj,21.327045440673828,9.964703559875488,11.025139827599975,2.6863443658198656,99012.9609375,100578.015625
BD30560046,Manikganj Sadar,Manikganj,21.242947101593018,9.939937829971313,10.332396055127154,2.595526755177726,99054.052734375,100581.314453125
BD30560070,Saturia,Manikganj,21.214914321899414,9.931682586669922,10.101481464302882,2.565254218297013,99067.75,100582.4140625
BD30560078,Shibalay,Manikganj,21.00445929027739,9.681035223461333,10.433340890600373,2.5700560810008137,99009.76376488095,100569.98995535714
BD30560082,Singair,Manikganj,21.295648727416992,9.95545768737793,10.76651548587679,2.652439124513467,99028.301875,100579.2471875
BD30590024,Gazaria,Munshiganj,21.653343200683594,10.121684074401855,10.840077648210576,2.7887674136470393,99081.3828125,100602.421875
BD30590044,Louhajang,Munshiganj,21.612555980682373,10.10206151008606,10.86321042063425,2.775964532668642,99072.830078125,100599.37109375
BD30590056,Munshiganj Sadar,Munshiganj,21.653343200683594,10.121684074401855,10.840077648210576,2.7887674136470393,99081.3828125,100602.421875
BD30590074,Sirajdikhan,Munshiganj,21.63616963436729,10.113421942058363,10.849817762915281,2.7833767269192933,99077.78166118421,100601.1373355263
BD30590084,Sreenagar,Munshiganj,21.43086745522239,10.014651905406605,10.966256406885167,2.718933517401239,99034.73153409091,100585.78124999999
BD30590094,Tongibari,Munshiganj,21.653343200683594,10.121684074401855,10.840077648210576,2.7887674136470393,99081.3828125,100602.421875
BD30670002,Araihazar,Narayanganj,21.46467680089614,10.077137049506693,10.681926591158467,2.7538241124838074,99085.85340073529,100602.234375
BD30670006,Bandar,Narayanganj,21.653343200683594,10.121684074401855,10.840077648210576,2.7887674136470393,99081.3828125,100602.421875
BD30670058,Narayanganj Sadar,Narayanganj,21.653343200683594,10.121684074401855,10.840077648210576,2.7887674136470393,99081.3828125,100602.421875
BD30670068,Rupganj,Narayanganj,20.7786171653054,9.915147868069734,10.106831838241709,2.6267575627993263,99102.11008522726,100601.55255681819
BD30670004,Sonargaon,Narayanganj,21.653343200683594,10.121684074401855,10.840077648210576,2.7887674136470393,99081.3828125,100602.421875
BD30674400,Narayanganj City Corporation,Narayanganj,21.653343200683594,10.121684074401855,10.840077648210576,2.7887674136470393,99081.3828125,100602.421875
BD30680007,Belabo,Narsingdi,20.303016662597656,9.846402168273926,9.568752591039436,2.5065128667893353,99162.9609375,100625.125
BD30680052,Manohardi,Narsingdi,20.192869766898777,9.801459644151771,9.537031318095183,2.5000939480807394,99144.01392663043,100614.56114130435
BD30680060,Narsingdi Sadar,Narsingdi,20.188068970389985,9.801643869151238,9.526074059207485,2.5014889548325026,99136.37228260869,100610.38552989131
BD30680063,Palash,Narsingdi,20.049678802490234,9.743034362792969,9.495793663267653,2.491749353759565,99119.3828125,100600.828125
BD30680064,Raipura,Narsingdi,20.303016662597656,9.846402168273926,9.568752591039436,2.5065128667893353,99162.9609375,100625.125
BD30680076,Shibpur,Narsingdi,20.201681518554686,9.805055046081543,9.539569019930722,2.500607461577427,99145.52968749999,100615.40625
BD30820007,Baliakandi,Rajbari,20.716163635253906,9.75025749206543,10.073741107121595,2.5449920739799206,98928.25,100568.828125
BD30820029,Goalanda,Rajbari,20.716163635253906,9.75025749206543,10.073741107121595,2.5449920739799206,98928.25,100568.828125
BD30820047,Kalukhali,Rajbari,20.716163635253906,9.75025749206543,10.073741107121595,2.5449920739799206,98928.25,100568.828125
BD30820073,Pangsha,Rajbari,20.794679896036783,9.672569433848063,10.3473173587084,2.5569864626063152,98937.20338541667,100563.43281249999
BD30820076,Rajbari Sadar,Rajbari,20.716163635253906,9.75025749206543,10.073741107121595,2.5449920739799206,98928.25,100568.828125
BD30860014,Bhedarganj,Shariatpur,21.82475077311198,10.150425275166828,11.031778838562138,2.890883141836169,99065.36302083333,100602.84479166666
BD30860025,Damudya,Shariatpur,21.836994171142578,10.152478218078613,11.045471780730105,2.898177122421107,99064.21875,100602.875
BD30860036,Gosairhat,Shariatpur,21.836994171142578,10.152478218078613,11.045471780730105,2.898177122421107,99064.21875,100602.875
BD30860065,Naria,Shariatpur,21.795255314220082,10.145479549061168,10.998791296066575,2.8733112795179094,99068.11967329546,100602.77201704546
BD30860069,Shariatpur Sadar,Shariatpur,21.730526317249648,10.138882983814586,10.99822095945358,2.8449720464874857,99054.34375000001,100600.40198863637
BD30860094,Zajira,Shariatpur,21.658376296361286,10.121193567911783,10.918000698983953,2.80262615133691,99063.16080729167,100599.93131510416
BD30930009,Basail,Tangail,20.44188010692596,9.694810926914217,9.861676236376269,2.480764191296942,99087.85791015624,100585.50048828125
BD30930019,Bhuanpur,Tangail,20.05474792480469,9.383008842468263,9.891699560525161,2.395274155563692,99112.4571875,100574.689375
BD30930023,Delduar,Tangail,21.214914321899414,9.931682586669922,10.101481464302882,2.565254218297013,99067.75,100582.4140625
BD30930025,Dhanbari,Tangail,19.267013549804688,9.286647723271296,9.286207033006686,2.3653538854981893,99117.95492788461,100591.28245192308
BD30930028,Ghatail,Tangail,19.447978973388672,9.39026165008545,9.553355229042053,2.372134156582566,99113.7109375,100589.46875
BD30930038,Gopalpur,Tangail,19.447978973388672,9.39026165008545,9.553355229042053,2.372134156582566,99113.7109375,100589.46875
BD30930047,Kalihati,Tangail,19.531632781028748,9.389261722564697,9.60000196591932,2.3753244137950373,99113.53808593751,100587.43115234375
BD30930057,Madhupur,Tangail,19.362741636193316,9.34145798890487,9.42752455699641,2.368940550637026,99115.70991847826,100590.3230298913
BD30930066,Mirzapur,Tangail,21.214914321899414,9.931682586669922,10.101481464302882,2.565254218297013,99067.75,100582.4140625
BD30930076,Nagarpur,Tangail,21.13809649149577,9.83425038655599,10.217160129943482,2.5652544299841376,99048.25624999999,100577.78697916666
BD30930085,Sakhipur,Tangail,19.910172294167914,9.535188020444384,9.691945023014922,2.4237062350034444,99102.10661764705,100587.89322916666
BD30930095,Tangail Sadar,Tangail,20.397486660931566,9.597505208608267,9.946227724651397,2.467303078104647,99084.34206081081,100580.23965371623
BD40010008,Bagerhat Sadar,Bagerhat,20.47118671123798,10.192915231753618,11.011853167311854,2.7122765882612256,98923.81169871794,100571.94391025642
BD40010014,Chitalmari,Bagerhat,20.496070861816406,10.206445455551147,10.845128063366689,2.657428960378985,98979.365234375,100585.44335937499
BD40010034,Fakirhat,Bagerhat,20.4693603515625,10.191922187805176,11.024089872188563,2.716302102234234,98919.734375,100570.953125
BD40010038,Kachua,Bagerhat,20.504974365234375,10.211286544799805,10.78547412709273,2.637804579760569,98999.2421875,100590.2734375
BD40010056,Mollahat,Bagerhat,20.38874575966283,10.12194578271163,10.77390612703543,2.6695380401670237,98919.14226973684,100568.68092105263
BD40010058,Mongla,Bagerhat,22.733509770146124,11.07778740517887,13.979399609544691,3.5983023531790366,98896.19724151236,100583.62201003087
BD40010060,Morelganj,Bagerhat,20.807186550564236,10.346484586927627,11.045346247714694,2.7242249077276752,98963.10260416666,100584.78802083334
BD40010073,Rampal,Bagerhat,20.4693603515625,10.191922187805176,11.024089872188563,2.716302102234234,98919.734375,100570.953125
BD40010077,Sharankhola,Bagerhat,23.252538547515865,11.44906976699829,14.433639730086494,3.8249619334708,98947.91078124999,100591.90179687498
BD40180007,Alamdanga,Chuadanga,20.369375899031354,9.664981043016589,10.658864215259241,2.578556703755902,98853.52977195947,100549.83298141892
BD40180023,Chuadanga Sadar,Chuadanga,20.32009169634651,9.64375613717472,10.72702516618313,2.577506918997425,98843.28354779411,100547.27435661765
BD40180031,Damurhuda,Chuadanga,20.26062774658203,9.60608196258545,10.809288183399847,2.5746083686042054,98832.6640625,100543.7578125
BD40180055,Jibannagar,Chuadanga,20.27115782101949,9.612753431002298,10.794720774101053,2.5751216535696715,98834.54459635417,100544.38053385417
BD40410004,Abhaynagar,Jashore,20.153238525390623,9.948148155212403,10.282265000327364,2.576330843391538,98898.8721875,100560.835625
BD40410009,Bagharpara,Jashore,20.084509277343752,9.923090616861979,10.33922505443626,2.585497717463977,98877.42369791666,100557.53463541668
BD40410011,Chaugachha,Jashore,20.07638863956227,9.896447574391086,10.374379668342229,2.5885866543701996,98861.85891544117,100554.94439338236
BD40410047,Jashore Sadar,Jashore,20.045074462890625,9.908713340759277,10.371907052695464,2.5907573993088184,98865.1171875,100555.640625
BD40410023,Jhikargachha,Jashore,20.045074462890625,9.908713340759277,10.371907052695464,2.5907573993088184,98865.1171875,100555.640625
BD40410038,Keshabpur,Jashore,20.082746293809677,10.09159321255154,10.79974864244319,2.678116544697945,98854.0763888889,100561.42534722222
BD40410061,Manirampur,Jashore,20.045074462890625,9.908713340759277,10.371907052695464,2.5907573993088184,98865.1171875,100555.640625
BD40410090,Sharsha,Jashore,20.263470771985176,9.82316748301188,10.38915196182161,2.5756178448651164,98842.39282852563,100550.78485576923
BD40440014,Harinakundu,Jhenaidah,20.513349533081055,9.766197204589844,10.459670360228802,2.5869272077753904,98877.796875,100558.703125
BD40440019,Jhenaidah Sadar,Jhenaidah,20.513349533081055,9.766197204589844,10.459670360228802,2.5869272077753904,98877.796875,100558.703125
BD40440033,Kaliganj,Jhenaidah,20.334303182714127,9.820688668419331,10.426113801466055,2.588391692773466,98872.94875919117,100557.53216911765
BD40440042,Kotchandpur,Jhenaidah,20.513349533081055,9.766197204589844,10.459670360228802,2.5869272077753904,98877.796875,100558.703125
BD40440071,Maheshpur,Jhenaidah,20.491641044616706,9.702296552203954,10.483274897944437,2.563008143037817,98824.29073660716,100546.13411458336
BD40440080,Shailkupa,Jhenaidah,20.513349533081055,9.766197204589844,10.459670360228802,2.5869272077753904,98877.796875,100558.703125
BD40470012,Batiaghata,Khulna,20.4693603515625,10.191922187805176,11.024089872188563,2.716302102234234,98919.734375,100570.953125
BD40470017,Dacope,Khulna,21.96228858171883,10.766483468524479,12.878097071690732,3.2552917686286627,98902.0266154661,100580.34388241524
BD40470040,Dighalia,Khulna,20.306909734552555,10.050909129056063,10.519931719076943,2.6220654317048555,98918.54119318182,100566.37428977272
BD40470030,Dumuria,Khulna,20.326537094116212,10.17365270614624,10.985291577486503,2.7112762975841207,98893.585625,100567.96062499999
BD40470053,Koyra,Khulna,22.91735360586098,11.160382512862308,13.931948393964868,3.566064934033892,98861.24817576142,100581.10243496193
BD40470064,Paikgachha,Khulna,20.185180571021107,10.155570844324625,10.9468917248353,2.706302105818733,98867.70541158537,100564.99885670733
BD40470069,Phultala,Khulna,20.214080810546875,9.970330238342285,10.231841345870304,2.5682159056880676,98917.859375,100563.7578125
BD40470075,Rupsa,Khulna,20.4693603515625,10.191922187805176,11.024089872188563,2.716302102234234,98919.734375,100570.953125
BD40470094,Terokhada,Khulna,20.33421235926011,10.07460880279541,10.604664181784779,2.637903527592146,98918.74172794117,100567.14384191176
BD40473300,Khulna City Corporation,Khulna,20.4693603515625,10.191922187805176,11.024089872188563,2.716302102234234,98919.734375,100570.953125
BD40500015,Bheramara,Kushtia,21.207944107055663,9.529411315917969,10.245677737554173,2.4990953122979676,98956.34140625,100558.09140625
BD40500039,Daulatpur,Kushtia,20.5491910900986,9.394987106323242,10.468984423430976,2.5330433146432463,98929.93612938597,100545.4300986842
BD40500063,Khoksa,Kushtia,20.82294120788574,9.677962493896485,10.363309267949667,2.5501580553910332,98910.4875,100559.06874999999
BD40500071,Kumarkhali,Kushtia,21.106733576456705,9.597080675760905,10.274978266693793,2.5164529990387066,98940.45390625,100559.40390625001
BD40500079,Kushtia Sadar,Kushtia,21.0078362358941,9.625266763899061,10.30576028228296,2.5281987004948205,98930.01106770833,100559.28710937501
BD40500094,Mirpur,Kushtia,21.100541395299576,9.507494870354147,10.282085530762043,2.504630175010896,98952.03630514706,100556.02711397059
BD40550057,Magura Sadar,Magura,20.608728170394897,9.769989430904388,10.228345841958593,2.562169238634981,98908.68066406251,100564.71435546876
BD40550066,Mohammadpur,Magura,20.561676612267128,9.817972183227539,10.12238733442889,2.552137868351658,98925.05288461539,100567.26802884617
BD40550085,Shalikha,Magura,20.2944454524828,9.87705711696459,10.351440896450839,2.5804380442484876,98890.71705163043,100560.01528532608
BD40550095,Sreepur,Magura,20.68574151992798,9.752648448944091,10.131630495087675,2.5512823440492407,98920.68203125,100567.309375
BD40570047,Gangni,Meherpur,20.444460517481755,9.430453551443,10.555535967370798,2.544060326271298,98907.69490131579,100544.23273026316
BD40570087,Meherpur Sadar,Meherpur,20.324863565379175,9.544712954554065,10.720620742396594,2.563934110133856,98858.8817349138,100543.92376077584
BD40570060,Mujibnagar,Meherpur,20.26062774658203,9.60608196258545,10.809288183399847,2.5746083686042054,98832.6640625,100543.7578125
BD40650028,Kalia,Narail,20.214080810546875,9.970330238342285,10.231841345870304,2.5682159056880676,98917.859375,100563.7578125
BD40650052,Lohagara,Narail,20.214080810546875,9.970330238342285,10.231841345870304,2.5682159056880676,98917.859375,100563.7578125
BD40650076,Narail Sadar,Narail,20.214080810546875,9.970330238342285,10.231841345870304,2.5682159056880676,98917.859375,100563.7578125
BD40870004,Ashashuni,Satkhira,20.432809783191217,10.233468823316622,11.157743308619432,2.7429178733222983,98845.55983231709,100565.70960365854
BD40870025,Debhata,Satkhira,20.093509674072266,10.143844604492188,10.921989096656826,2.70307630052341,98850.921875,100563.078125
BD40870043,Kalaroa,Satkhira,20.097306685014203,10.097028515555643,10.80640927536997,2.680659919653008,98848.2098721591,100560.9893465909
BD40870047,Kaliganj,Satkhira,20.8523080999201,10.344276948408648,11.449221243409566,2.7921765451463783,98838.9303977273,100568.96306818184
BD40870082,Satkhira Sadar,Satkhira,20.09953739332116,10.141900497934092,10.914545012038014,2.702122283691008,98848.39045516303,100562.72588315218
BD40870086,Shyamnagar,Satkhira,23.2582113366378,11.345412990503146,13.3021263019187,3.3448986835404044,98811.11458333334,100578.00493421053
BD40870090,Tala,Satkhira,20.093509674072266,10.143844604492188,10.921989096656826,2.70307630052341,98850.921875,100563.078125
BD45390007,Bakshiganj,Jamalpur,17.577677813443273,9.02722150629217,8.236977989422206,2.265333420834513,99198.68217329546,100606.75284090909
BD45390015,Dewanganj,Jamalpur,17.622780990600585,8.842116451263427,8.746658349628103,2.334283083930688,99196.70390625001,100584.66640625
BD45390029,Islampur,Jamalpur,19.179099936234323,9.224539254841053,9.220801379819381,2.4077730199054446,99149.10444078947,100580.55550986841
BD45390036,Jamalpur Sadar,Jamalpur,19.05588722229004,9.165764808654785,8.974534137632094,2.3574435692330833,99122.90625,100593.3984375
BD45390058,Madarganj,Jamalpur,19.22310447692871,9.245530128479004,9.30875396631484,2.425747823717002,99158.4609375,100575.96875
BD45390061,Melandaha,Jamalpur,19.142592465436014,9.207124604119196,9.147833308060186,2.3928605900765967,99141.34201388888,100584.36082175924
BD45390085,Sarishabari,Jamalpur,19.469172223409018,9.274838892618815,9.425414353449506,2.3958152069674816,99132.14114583333,100580.4953125
BD45610013,Bhaluka,Mymensingh,19.15496960808249,9.07208865296607,9.015384989137246,2.2543899415359583,99104.29810049021,100602.66911764706
BD45610016,Dhobaura,Mymensingh,19.078584671020508,8.721457481384277,8.27472011310719,2.1297578259496923,99114.84375,100625.609375
BD45610020,Fulbaria,Mymensingh,19.327101500137992,9.259003224580185,9.33142210681641,2.323560203358081,99109.8277853261,100594.9144021739
BD45610081,Fulpur,Mymensingh,19.073720932006832,8.816666194370814,8.424680261219669,2.1785476280818474,99116.57142857143,100618.70703125
BD45610022,Gafargaon,Mymensingh,19.10045623779297,9.012893676757812,8.915297502643329,2.2324840410621714,99102.546875,100605.125
BD45610023,Gouripur,Mymensingh,19.07991022052187,8.739120281103887,8.313542985200291,2.1359836571686306,99114.0984848485,100624.36789772728
BD45610024,Haluaghat,Mymensingh,18.973876752351465,8.839497741899995,8.054947029631048,2.09093290477769,99137.49486019739,100635.42886513159
BD45610031,Ishwarganj,Mymensingh,19.10045623779297,9.012893676757812,8.915297502643329,2.2324840410621714,99102.546875,100605.125
BD45610065,Muktagachha,Mymensingh,19.12775017233456,9.153110448051901,8.994347974407393,2.3332494677908286,99120.33501838235,100596.49448529413
BD45610052,Mymensingh Sadar,Mymensingh,19.080810070037842,8.85778900555202,8.53483789256621,2.1879659144825823,99112.92131696428,100615.88671875
BD45610072,Nandail,Mymensingh,19.197794733820736,8.979533839870145,8.95657118316701,2.213805267799097,99107.52005912163,100608.9313766892
BD45610088,Tarakanda,Mymensingh,19.078584671020508,8.721457481384277,8.27472011310719,2.1297578259496923,99114.84375,100625.609375
BD45610094,Trishal,Mymensingh,19.10045623779297,9.012893676757812,8.915297502643329,2.2324840410621714,99102.546875,100605.125
BD45614000,Mymensingh City Corporation,Mymensingh,19.078584671020508,8.721457481384277,8.27472011310719,2.1297578259496923,99114.84375,100625.609375
BD45720004,Atpara,Netrakona,18.016530990600586,8.158601760864258,7.893586972448028,1.7781903180539924,99123.234375,100633.8515625
BD45720009,Barhatta,Netrakona,18.016530990600586,8.158601760864258,7.893586972448028,1.7781903180539924,99123.234375,100633.8515625
BD45720018,Durgapur,Netrakona,18.90633290154593,8.673486709594727,8.14295854589083,2.0635269046577642,99122.81389508929,100630.45452008929
BD45720040,Kalmakanda,Netrakona,17.99327459090795,8.192088249402168,7.856785388282765,1.776719567123903,99130.74138621794,100639.07451923077
BD45720047,Kendua,Netrakona,19.104591369628906,8.70503282546997,8.776525342130187,2.066117133101298,99121.77490234375,100623.06494140625
BD45720038,Khaliajuri,Netrakona,18.799179669084218,8.530793288658407,8.490224570180393,1.9689547641452123,99126.85721982758,100629.79606681035
BD45720056,Madan,Netrakona,19.005927403767906,8.636699040730793,8.687847783643132,2.029859125190278,99123.07291666667,100625.1328125
BD45720063,Mohanganj,Netrakona,18.016530990600586,8.158601760864258,7.893586972448028,1.7781903180539924,99123.234375,100633.8515625
BD45720074,Netrakona Sadar,Netrakona,18.49445514678955,8.411886835098267,8.065096885744651,1.9363956966070572,99119.45859375,100630.142578125
BD45720083,Purbadhala,Netrakona,19.078584671020508,8.721457481384277,8.27472011310719,2.1297578259496923,99114.84375,100625.609375
BD45890037,Jhenaigati,Sherpur,17.666845512390136,9.135122442245484,8.046470185693426,2.2401984514056688,99196.185546875,100616.1625
BD45890067,Nakla,Sherpur,19.05588722229004,9.165764808654785,8.974534137632094,2.3574435692330833,99122.90625,100593.3984375
BD45890070,Nalitabari,Sherpur,18.637452101096127,9.14512876363901,8.676631228424467,2.316237413575013,99144.80488782052,100601.09134615383
BD45890088,Sherpur Sadar,Sherpur,19.05588722229004,9.165764808654785,8.974534137632094,2.3574435692330833,99122.90625,100593.3984375
BD45890090,Sreebardi,Sherpur,18.28987157344818,9.148866444826126,8.462734164136505,2.2927863351370825,99163.31762695312,100605.9521484375
BD50100006,Adamdighi,Bogura,19.19329071044922,9.09627914428711,9.004472480556942,2.3208594096851614,99158.0,100570.4140625
BD50100020,Bogura Sadar,Bogura,19.20106821474822,9.135214183641516,9.083850259450307,2.3482216046499893,99158.12024456522,100571.86311141304
BD50100027,Dhunat,Bogura,19.78169536590576,9.312562942504885,9.679837194357203,2.415955695282965,99135.16406249999,100571.85156250001
BD50100033,Dupchachia,Bogura,19.19329071044922,9.09627914428711,9.004472480556942,2.3208594096851614,99158.0,100570.4140625
BD50100040,Gabtali,Bogura,19.22310447692871,9.245530128479004,9.30875396631484,2.425747823717002,99158.4609375,100575.96875
BD50100054,Kahaloo,Bogura,19.19329071044922,9.09627914428711,9.004472480556942,2.3208594096851614,99158.0,100570.4140625
BD50100067,Nandigram,Bogura,20.166223662240167,9.34100273677281,9.665062832283908,2.3665994668279966,99113.26729910714,100565.45731026786
BD50100081,Sariakandi,Bogura,19.22310447692871,9.245530128479004,9.30875396631484,2.425747823717002,99158.4609375,100575.96875
BD50100085,Shajahanpur,Bogura,19.208793869018553,9.173889656066894,9.16269885315105,2.3754013849817186,99158.23968750001,100573.30249999999
BD50100088,Sherpur,Bogura,20.41779987232105,9.4004954002999,10.03120518702752,2.401326335183036,99106.51879222973,100566.48437500001
BD50100094,Shibganj,Bogura,19.197017431259155,9.114935517311096,9.042507666276679,2.3339704614391414,99158.0576171875,100571.1083984375
BD50100095,Sonatala,Bogura,19.22310447692871,9.245530128479004,9.30875396631484,2.425747823717002,99158.4609375,100575.96875
BD50380013,Akkelpur,Joypurhat,19.19329071044922,9.09627914428711,9.004472480556942,2.3208594096851614,99158.0,100570.4140625
BD50380047,Joypurhat Sadar,Joypurhat,19.084664838067415,9.077251368555528,8.971449374175448,2.318247601467585,99161.23221982758,100571.1963900862
BD50380058,Kalai,Joypurhat,19.19329071044922,9.09627914428711,9.004472480556942,2.3208594096851614,99158.0,100570.4140625
BD50380061,Khetlal,Joypurhat,19.19329071044922,9.09627914428711,9.004472480556942,2.3208594096851614,99158.0,100570.4140625
BD50380074,Panchbibi,Joypurhat,17.618215560913086,8.8203763961792,8.52563743802528,2.2829881905303084,99204.8671875,100581.7578125
BD50640003,Atrai,Naogaon,20.498541864855536,9.401993587099273,10.090899718942497,2.406053551487775,99085.87984913794,100559.01885775861
BD50640006,Badalgachhi,Naogaon,18.9799164481785,9.06740785681683,9.006958358945392,2.30360984681456,99160.52445652174,100564.27819293477
BD50640028,Dhamoirhat,Naogaon,18.42650032043457,8.954575036701405,8.753431974685817,2.233232885396315,99171.58593750001,100553.97491776316
BD50640050,Mahadebpur,Naogaon,18.5798397064209,9.013274192810059,9.011619380923738,2.271266916432183,99165.2578125,100552.7734375
BD50640047,Manda,Naogaon,18.93123351203071,9.067613283793131,9.317332762033725,2.3115956847183026,99144.00260416667,100551.77517361111
BD50640060,Naogaon Sadar,Naogaon,18.709965676972363,9.030881303729434,9.010103371755026,2.281786536213118,99163.71827651517,100556.51538825758
BD50640069,Niamatpur,Naogaon,18.56348415374756,9.009145565032957,8.965164117439135,2.271118521440695,99165.35203125,100550.45453124998
BD50640075,Patnitala,Naogaon,18.512085094008334,8.987337356389956,8.897536573516284,2.2544611817884275,99168.05396075582,100553.30432412791
BD50640079,Porsha,Naogaon,18.55560925801595,9.007157707214356,8.942796768353958,2.2710470720003495,99165.39739583334,100549.33802083334
BD50640085,Raninagar,Naogaon,19.824160919189453,9.254963073730469,9.432813171782005,2.350518225685147,99128.99437500001,100567.20000000001
BD50640086,Sapahar,Naogaon,18.430831756591797,8.969043922424317,8.76328444495918,2.2416774686474574,99171.61750000001,100552.02062499999
BD50690009,Bagatipara,Natore,20.419986724853512,9.368424733479818,10.159909849032191,2.4169238381449483,99082.09201388889,100556.51909722222
BD50690015,Baraigram,Natore,20.841219206114076,9.485687462059227,10.05606926601207,2.4228837071324922,99049.08741554055,100561.97677364865
BD50690041,Gurudaspur,Natore,20.627086639404297,9.456924438476562,9.977974051522997,2.388265809685129,99092.078125,100563.109375
BD50690044,Lalpur,Natore,21.015631649945234,9.492657068613413,10.285754784302235,2.5013970665151164,98957.22846283783,100555.26984797296
BD50690055,Naldanga,Natore,20.54485579097972,9.421784849727855,10.050213265239883,2.399644732750057,99088.11305147057,100560.49264705884
BD50690063,Natore Sadar,Natore,20.58656709090523,9.439609278803287,10.013570185818274,2.393872815253354,99090.12432065218,100561.81997282608
BD50690091,Singra,Natore,20.627086639404297,9.456924438476562,9.977974051522997,2.388265809685129,99092.078125,100563.109375
BD50700018,Bholahat,Chapainababganj,18.488975524902344,8.990337371826172,8.753534583787056,2.270442499812808,99165.78125,100539.890625
BD50700066,Chapainawabganj Sadar,Chapainababganj,19.058513641357422,9.002126693725586,9.847319421085505,2.3961998143817262,99102.0234375,100534.125
BD50700037,Gomastapur,Chapainababganj,18.488975524902344,8.990337371826172,8.753534583787056,2.270442499812808,99165.78125,100539.890625
BD50700056,Nachole,Chapainababganj,18.74676396769862,9.01137533495503,9.149533084425363,2.314684134683277,99143.10609879032,100539.35962701614
BD50700088,Shibganj,Chapainababganj,18.76743187338619,8.996646412348344,9.297247396833793,2.331714609988259,99134.28310381356,100536.97470868644
BD50760005,Atgharia,Pabna,21.23041062606008,9.548879071285851,10.268742708097937,2.506096540284377,98965.06949013157,100560.4769736842
BD50760016,Bera,Pabna,20.926847457885742,9.566311836242676,10.535276460455133,2.565255012123731,98994.6484375,100565.0625
BD50760019,Bhangura,Pabna,20.905663553873698,9.523448244730632,10.354002897930908,2.514703206986308,99008.72552083335,100564.14479166665
BD50760022,Chatmohar,Pabna,21.048907968733044,9.513584931691486,10.131814393028087,2.4564598622955596,99007.39040798611,100560.87825520834
BD50760033,Faridpur,Pabna,20.926847457885742,9.566311836242676,10.535276460455133,2.565255012123731,98994.6484375,100565.0625
BD50760039,Ishwardi,Pabna,21.287328720092773,9.545610427856445,10.218767629530964,2.4950043268144984,98959.5234375,100559.6171875
BD50760055,Pabna Sadar,Pabna,21.264798641204834,9.546904265880585,10.238549431463726,2.4993949946463254,98961.71875000001,100559.95751953126
BD50760072,Santhia,Pabna,20.926847457885742,9.566311836242676,10.535276460455133,2.565255012123731,98994.6484375,100565.0625
BD50760083,Sujanagar,Pabna,20.926847457885742,9.566311836242676,10.535276460455133,2.565255012123731,98994.6484375,100565.0625
BD50810010,Bagha,Rajshahi,20.427008438110352,9.35845546722412,10.467760886994178,2.519280620063296,98956.08437499999,100545.14374999999
BD50810012,Bagmara,Rajshahi,20.18500797565167,9.26801160665659,10.36633700389839,2.4494396781282046,99070.76161858975,100549.04166666667
BD50810025,Charghat,Rajshahi,20.16111183166504,9.257800102233887,10.387329595918683,2.452746373719722,99069.609375,100548.28125
BD50810031,Durgapur,Rajshahi,20.16111183166504,9.257800102233887,10.387329595918683,2.452746373719722,99069.609375,100548.28125
BD50810034,Godagari,Rajshahi,19.235716921942576,9.043217062950134,9.934106770612267,2.405287654275333,99096.81403459822,100536.40011160716
BD50810053,Mohanpur,Rajshahi,20.16111183166504,9.257800102233887,10.387329595918683,2.452746373719722,99069.609375,100548.28125
BD50810072,Paba,Rajshahi,20.16111183166504,9.257800102233887,10.387329595918683,2.452746373719722,99069.609375,100548.28125
BD50810082,Puthia,Rajshahi,20.16111183166504,9.257800102233887,10.387329595918683,2.452746373719722,99069.609375,100548.28125
BD50810094,Tanore,Rajshahi,19.97209499904087,9.213970375061034,10.294756423090137,2.4430526778332085,99075.16607142857,100545.8544642857
BD50816600,Rajshahi City Corporation,Rajshahi,20.16111183166504,9.257800102233887,10.387329595918683,2.452746373719722,99069.609375,100548.28125
BD50880011,Belkuchi,Sirajganj,20.340286254882812,9.379595756530762,10.050920422399566,2.4061635668489276,99111.8671875,100567.734375
BD50880027,Chouhali,Sirajganj,20.903385009765625,9.5588431930542,10.51590221893291,2.5588913543127387,98999.33718749999,100565.169375
BD50880044,Kamarkhanda,Sirajganj,20.340286254882812,9.379595756530762,10.050920422399566,2.4061635668489276,99111.8671875,100567.734375
BD50880050,Kazipur,Sirajganj,20.10089015960693,9.350867407662529,9.891884753238553,2.4103601933206575,99121.8515625,100569.49888392857
BD50880061,Rayganj,Sirajganj,20.340286254882812,9.379595756530762,10.050920422399566,2.4061635668489276,99111.8671875,100567.734375
BD50880067,Shahjadpur,Sirajganj,20.926847457885742,9.566311836242676,10.535276460455133,2.565255012123731,98994.6484375,100565.0625
BD50880078,Sirajganj Sadar,Sirajganj,20.340286254882812,9.379595756530762,10.050920422399566,2.4061635668489276,99111.8671875,100567.734375
BD50880089,Tarash,Sirajganj,20.538079623518318,9.432925882010625,10.000612580415726,2.393820286046308,99098.21955818965,100564.54471982758
BD50880094,Ullapara,Sirajganj,20.36635564168294,9.387894248962402,10.072447357424258,2.41323429775003,99106.65746527778,100567.615625
BD55270010,Birampur,Dinajpur,17.73722791671753,8.822130680084229,8.442734560478206,2.2499475974357153,99199.97460937499,100575.462890625
BD55270012,Birganj,Dinajpur,17.20154571533203,8.805100440979004,8.181106166136932,2.201434560246185,99221.84375,100591.9765625
BD55270017,Birol,Dinajpur,17.432135605230567,8.821062623000728,8.208554194509993,2.195453222305251,99211.45236280489,100581.91863567074
BD55270021,Bochaganj,Dinajpur,17.42600561071325,8.988895380938494,8.605401454373673,2.312538430679092,99196.04195601851,100567.10648148147
BD55270030,Chirirbandar,Dinajpur,17.36893057823181,8.809280395507812,8.183528621455691,2.191945421103513,99214.9912109375,100585.33935546875
BD55270064,Dinajpur Sadar,Dinajpur,17.680565810785062,8.817062587272831,8.1880387211955,2.174278649854148,99202.23323170733,100572.98227896342
BD55270038,Fulbari,Dinajpur,17.979356502664498,8.825699740442737,8.274070085468646,2.1827270804501624,99190.0207435345,100562.65598060345
BD55270043,Ghoraghat,Dinajpur,17.618215560913086,8.8203763961792,8.52563743802528,2.2829881905303084,99204.8671875,100581.7578125
BD55270047,Hakimpur,Dinajpur,17.618215560913086,8.8203763961792,8.52563743802528,2.2829881905303084,99204.8671875,100581.7578125
BD55270056,Kaharole,Dinajpur,17.20154571533203,8.805100440979004,8.181106166136932,2.201434560246185,99221.84375,100591.9765625
BD55270060,Khansama,Dinajpur,17.20154571533203,8.805100440979004,8.181106166136932,2.201434560246185,99221.84375,100591.9765625
BD55270069,Nababganj,Dinajpur,17.618215560913086,8.8203763961792,8.52563743802528,2.2829881905303084,99204.8671875,100581.7578125
BD55270077,Parbatipur,Dinajpur,17.50407353843131,8.798869551681893,8.29771513796421,2.2159155138740436,99209.16920731709,100582.07259908538
BD55320021,Fulchhari,Gaibandha,17.549563576193417,8.82365961635814,8.720941556707794,2.3300984226332746,99198.45358455883,100585.06433823529
BD55320024,Gaibandha Sadar,Gaibandha,17.44496726989746,8.797292709350586,8.684203281107354,2.3241203350655417,99200.953125,100585.6328125
BD55320030,Gobindaganj,Gaibandha,18.3743728857774,8.99605393409729,8.889420582432523,2.341672106740435,99180.66331129809,100578.58248197116
BD55320067,Palashbari,Gaibandha,17.53881009419759,8.809796373049418,8.598313449437898,2.3018404234422905,99203.0732421875,100583.53385416667
BD55320082,Sadullapur,Gaibandha,17.473841985066734,8.801139990488688,8.657775640593675,2.317264977643003,99201.60546874999,100584.98697916666
BD55320088,Saghata,Gaibandha,18.67598533630371,9.107610922593338,9.116584524712538,2.3944778272088607,99171.53545673078,100578.94230769231
BD55320091,Sundarganj,Gaibandha,17.43987262492277,8.786873408726283,8.677956000514367,2.3199435820089636,99201.43973214287,100585.85921556123
BD55490006,Bhurungamari,Kurigram,16.052457809448242,8.46349811553955,7.759341297367521,1.9793573727931315,99216.21875,100607.53125
BD55490009,Chilmari,Kurigram,17.41053449696508,8.726872608579438,8.641980281237508,2.295891245441771,99204.24191810343,100587.16298491378
BD55490052,Kurigram Sadar,Kurigram,17.320148468017578,8.542019844055176,8.531144906579161,2.221789885179373,99212.875,100591.1796875
BD55490061,Nageshwari,Kurigram,17.360746748903964,8.557459871819677,8.517343897110203,2.207561828037051,99213.87483377659,100592.8397606383
BD55490018,Phulbari,Kurigram,17.320148468017578,8.542019844055176,8.531144906579161,2.221789885179373,99212.875,100591.1796875
BD55490077,Rajarhat,Kurigram,17.320148468017578,8.542019844055176,8.531144906579161,2.221789885179373,99212.875,100591.1796875
BD55490008,Rajibpur,Kurigram,17.44496726989746,8.797292709350586,8.684203281107354,2.3241203350655417,99200.953125,100585.6328125
BD55490079,Roumari,Kurigram,17.526445908979934,8.826896060596813,8.346897947382564,2.198415388106429,99212.15873579544,100603.48686079546
BD55490094,Ulipur,Kurigram,17.330133972167967,8.562441673278808,8.543389576541417,2.2299763211702666,99211.92125,100590.7359375
BD55520002,Aditmari,Lalmonirhat,17.288264083862302,8.6072998046875,8.40260683561248,2.2125685110324658,99214.721875,100591.6203125
BD55520033,Hatibandha,Lalmonirhat,15.903906789319269,8.649852752685547,7.921685136476396,2.0292786236510176,99236.25862068965,100618.31330818965
BD55520039,Kaliganj,Lalmonirhat,17.26700782775879,8.650819778442383,8.316914788301359,2.2064209282678613,99215.953125,100591.9140625
BD55520055,Lalmonirhat Sadar,Lalmonirhat,17.31424395243327,8.554108725653753,8.50734156010385,2.220082223300316,99213.21701388888,100591.26128472223
BD55520070,Patgram,Lalmonirhat,15.73630183537801,8.642815685272216,7.869865243931737,2.0079509813181233,99238.74765625001,100621.15677083333
BD55730012,Dimla,Nilphamari,15.64338525136312,8.580486297607422,7.813917003309576,1.999957670501104,99240.0625,100619.33333333334
BD55730015,Domar,Nilphamari,15.436903953552246,8.441976547241211,7.68958757970477,1.9821947575743923,99242.984375,100615.28125
BD55730036,Jaldhaka,Nilphamari,16.682749283619412,8.644947052001953,8.125610325354232,2.132249949603897,99225.13701923077,100601.8671875
BD55730045,Kishoreganj,Nilphamari,17.26700782775879,8.650819778442383,8.316914788301359,2.2064209282678613,99215.953125,100591.9140625
BD55730064,Nilphamari Sadar,Nilphamari,17.206112839454825,8.794336673825285,8.190581186287938,2.2017824463872318,99221.43277616278,100591.97220203489
BD55730085,Saidpur,Nilphamari,17.22773056030273,8.743388175964354,8.235429615002703,2.2034291074548555,99219.48749999999,100591.95156249999
BD55770004,Atowari,Panchagarh,15.918074694546785,8.914508299394088,7.9651902585587955,2.2691684489588826,99233.91619318182,100599.00177556819
BD55770025,Boda,Panchagarh,15.449829174922064,8.454669707860702,7.696990826267393,1.9899034525810573,99242.74078525639,100614.8439503205
BD55770034,Debiganj,Panchagarh,15.731010913848877,8.50249719619751,7.771507344110131,2.018734724686358,99239.4609375,100611.39713541667
BD55770073,Panchagarh Sadar,Panchagarh,15.436903953552246,8.441976547241211,7.68958757970477,1.9821947575743923,99242.984375,100615.28125
BD55770090,Tentulia,Panchagarh,15.678646867925469,8.406156019731002,6.083323673265487,1.7376620144644352,99337.2840909091,100679.25923295454
BD55850003,Badarganj,Rangpur,17.306030909220375,8.669659402635363,8.340106193826239,2.214928401852578,99214.72135416666,100590.78559027777
BD55850027,Gangachara,Rangpur,17.26700782775879,8.650819778442383,8.316914788301359,2.2064209282678613,99215.953125,100591.9140625
BD55850042,Kaunia,Rangpur,17.297773461592826,8.587830342744525,8.440942751514823,2.2153187454271577,99214.17105263157,100591.4888980263
BD55850058,Mithapukur,Rangpur,17.502338053816455,8.769564854896675,8.478934796840598,2.264412211957674,99207.7297404661,100585.01257944916
BD55850073,Pirgachha,Rangpur,17.310994183575666,8.579681785018355,8.481272593489663,2.2215953574573577,99213.23148148147,100591.16464120371
BD55850076,Pirganj,Rangpur,17.614090601603188,8.819826784588042,8.52941281524152,2.2839675273049567,99204.77399553571,100581.85007440476
BD55850049,Rangpur Sadar,Rangpur,17.26700782775879,8.650819778442383,8.316914788301359,2.2064209282678613,99215.953125,100591.9140625
BD55850092,Taraganj,Rangpur,17.26700782775879,8.650819778442383,8.316914788301359,2.2064209282678613,99215.953125,100591.9140625
BD55857500,Rangpur City Corporation,Rangpur,17.26700782775879,8.650819778442383,8.316914788301359,2.2064209282678613,99215.953125,100591.9140625
BD55940008,Baliadangi,Thakurgaon,16.15120200453133,8.948575315804318,8.07498698787292,2.28959620491626,99227.7009698276,100593.3375538793
BD55940051,Haripur,Thakurgaon,17.465042114257812,9.020859718322754,8.67919193928441,2.3318608429282928,99191.5546875,100562.78125
BD55940082,Pirganj,Thakurgaon,17.45828579633664,9.015327429160093,8.666420509203704,2.328516579269777,99192.33133012819,100563.5298477564
BD55940086,Ranishankail,Thakurgaon,17.465042114257812,9.020859718322754,8.67919193928441,2.3318608429282928,99191.5546875,100562.78125
BD55940094,Thakurgaon Sadar,Thakurgaon,16.331192853974134,8.808560697043815,8.096527476463109,2.2042056464962725,99224.3868140244,100593.39481707319
BD60360002,Ajmiriganj,Habiganj,19.151058197021484,8.648820877075195,8.498388477759374,1.986399383883262,99159.3046875,100651.3203125
BD60360005,Bahubal,Habiganj,19.151058197021484,8.648820877075195,8.498388477759374,1.986399383883262,99159.3046875,100651.3203125
BD60360011,Baniachong,Habiganj,19.151058197021484,8.648820877075195,8.498388477759374,1.986399383883262,99159.3046875,100651.3203125
BD60360026,Chunarughat,Habiganj,20.11837509443175,9.924436803133982,8.532729009278356,2.2814783581029636,99209.29481132077,100665.69442806604
BD60360044,Habiganj Sadar,Habiganj,19.151058197021484,8.648820877075195,8.498388477759374,1.986399383883262,99159.3046875,100651.3203125
BD60360068,Lakhai,Habiganj,19.151058197021484,8.648820877075195,8.498388477759374,1.986399383883262,99159.3046875,100651.3203125
BD60360071,Madhabpur,Habiganj,20.1295166015625,9.922266960144043,8.570210656572202,2.289605349769603,99208.546875,100665.0078125
BD60360077,Nabiganj,Habiganj,19.104941884676617,8.622407376766207,8.458667633057233,1.970623925674398,99161.07226562501,100652.4287109375
BD60360087,Shayestaganj,Habiganj,19.151058197021484,8.648820877075195,8.498388477759374,1.986399383883262,99159.3046875,100651.3203125
BD60580014,Baralekha,Moulvibazar,16.81015682220459,7.5951320103236615,6.543562917663571,1.3091006982839781,99211.88225446428,100688.27418154762
BD60580035,Juri,Moulvibazar,17.171163700245046,8.161533179106536,6.995448063137194,1.45346201793324,99207.14091435185,100675.86371527778
BD60580056,Kamalganj,Moulvibazar,18.98982286453247,8.791380405426025,7.982038027285445,1.8947762564595385,99189.296875,100667.27148437499
BD60580065,Kulaura,Moulvibazar,18.4955015818278,8.362890307108561,7.961767095552143,1.7821328819350213,99180.54739583335,100663.88593749999
BD60580074,Moulvibazar Sadar,Moulvibazar,18.708341598510742,8.395251274108887,8.117068368618831,1.8349549850781648,99176.2734375,100661.9609375
BD60580080,Rajnagar,Moulvibazar,18.708341598510742,8.395251274108887,8.117068368618831,1.8349549850781648,99176.2734375,100661.9609375
BD60580083,Sreemangal,Moulvibazar,19.023877987494835,8.810885759500357,8.011370343373178,1.9064258255983924,99187.99158653847,100666.45297475962
BD60900018,Bishwambharpur,Sunamganj,18.39610315405804,7.569682370061459,6.822009517796482,1.2830997511452638,99215.66779891303,100700.67527173914
BD60900023,Chhatak,Sunamganj,17.982045703464085,7.3539037704467765,6.776898718831683,1.2267662088494116,99180.80902777778,100674.31423611111
BD60900029,Derai,Sunamganj,18.365294790267946,7.4279949426651,7.0252523675491245,1.328807395716772,99171.5970703125,100666.47441406251
BD60900032,Dharmapasha,Sunamganj,18.016530990600586,8.158601760864258,7.893586972448028,1.7781903180539924,99123.234375,100633.8515625
BD60900033,Dowarabazar,Sunamganj,18.205722681681316,7.336477470397949,6.867135845057094,1.260872251139006,99175.05833333332,100669.68645833334
BD60900047,Jagannathpur,Sunamganj,18.463293409347536,7.697558617591858,7.314763492697807,1.4600267907620024,99170.78769531251,100664.6853515625
BD60900050,Jamalganj,Sunamganj,18.20143039806469,7.620487573984508,7.252866060040895,1.4521138694174411,99155.25126689191,100655.80933277028
BD60900063,Madhyanagar,Sunamganj,17.876992592444786,8.359520692091722,7.672777467456457,1.7693658124734573,99168.27644230769,100665.18930288461
BD60900086,Shalla,Sunamganj,18.747657718080465,8.099184758735428,7.834354007077663,1.6937250966449815,99162.35369318182,100656.71543560606
BD60900087,Shantiganj,Sunamganj,18.301584243774414,7.329009056091309,6.9058088991536986,1.2754891264059753,99172.59375,100667.703125
BD60900089,Sunamganj Sadar,Sunamganj,18.301584243774414,7.329009056091309,6.9058088991536986,1.2754891264059753,99172.59375,100667.703125
BD60900092,Tahirpur,Sunamganj,18.166141097610065,8.592983452049463,7.039280113642966,1.5800990319155634,99292.34966216219,100757.84881756757
BD60910008,Balaganj,Sylhet,18.4269118309021,8.142693996429443,7.741741524821416,1.6676818792845505,99179.974609375,100667.115234375
BD60910017,Beanibazar,Sylhet,16.36487536960178,7.067509403935185,6.035464000805288,1.1382417820990918,99218.43229166666,100700.35532407407
BD60910020,Bishwanath,Sylhet,17.582622528076172,7.385022163391113,6.6157609934291655,1.1658625619037066,99191.078125,100682.578125
BD60910027,Companiganj,Sylhet,17.582622528076172,7.385022163391113,6.6157609934291655,1.1658625619037066,99191.078125,100682.578125
BD60910031,Dakkhin Surma,Sylhet,17.582622528076172,7.385022163391113,6.6157609934291655,1.1658625619037066,99191.078125,100682.578125
BD60910035,Fenchuganj,Sylhet,18.333101908365883,8.058508237202963,7.616632576888943,1.6119241773533455,99181.20833333334,100668.83333333333
BD60910038,Golapganj,Sylhet,17.464067816734314,7.354110464453697,6.5592657333299655,1.163173519639075,99193.7412109375,100684.30883789062
BD60910041,Gowainghat,Sylhet,17.86715599342629,7.710599395963881,6.501548425797816,1.1734969266163235,99238.69979745372,100717.15538194445
BD60910053,Jaintapur,Sylhet,16.833255521712765,7.27721437331169,6.171634839522897,1.1492768294881124,99226.72857862902,100707.01108870967
BD60910059,Kanaighat,Sylhet,16.45256910932825,7.090374479902551,6.077252982270837,1.1402308398918954,99216.46243351063,100699.07513297872
BD60910060,Osmaninagar,Sylhet,18.043143965981223,7.798297708684748,7.229932192370392,1.439582189565985,99185.02166193182,100674.14382102272
BD60910062,Sylhet Sadar,Sylhet,17.582622528076172,7.385022163391113,6.6157609934291655,1.1658625619037066,99191.078125,100682.578125
BD60910094,Zakiganj,Sylhet,16.318038940429688,7.055297374725342,6.01314488570437,1.1371794444142989,99219.484375,100701.0390625
BD60915000,Sylhet City Corporation,Sylhet,17.582622528076172,7.385022163391113,6.6157609934291655,1.1658625619037066,99191.078125,100682.578125
