locality_code,locality_name,district_name,gfd_flood_event_count_mean_px,gfd_flooded_any_pct,gfd_max_flood_duration_days,gfd_mean_flood_duration_days
BD10040009,Amtali,Barguna,0.13954400595529293,7.541086636827007,0.15615145750838635,0.007270275506537644
BD10040019,Bamna,Barguna,0.3567927115321419,12.437081440016314,0.3178188987977201,0.01792067692757788
BD10040028,Barguna Sadar,Barguna,0.4081903632131738,9.90084699563338,0.3671257983127257,0.027172182899763715
BD10040047,Betagi,Barguna,0.26329734916155134,6.671858878883619,0.18847864167446166,0.01591026386081206
BD10040085,Patharghata,Barguna,0.819345008891572,16.51625687840423,0.5911947356448143,0.05806436065425307
BD10040090,Taltali,Barguna,1.1173150350500585,32.773938795656456,1.044772766434395,0.07712595885697088
BD10060002,Agailjhara,Barishal,0.09788627533921654,7.225500396740344,0.20552001374041687,0.0042521953202146415
BD10060003,Babuganj,Barishal,0.5328952591327749,10.995402449334328,0.4352575450110101,0.02492951831649013
BD10060007,Bakerganj,Barishal,0.6637592111558853,8.773057863959863,0.565117448859752,0.04837280295860999
BD10060010,Banaripara,Barishal,0.409678625878659,6.8514862777392915,0.5912270785497323,0.027702226393916035
BD10060051,Barishal Sadar (Kotwali),Barishal,1.392667333278349,17.12981969049819,1.1802576061844767,0.09957140458980424
BD10060032,Gaurnadi,Barishal,0.2948248204455137,12.585220022603808,0.4759029372804937,0.01452770992582869
BD10060036,Hijla,Barishal,7.806717348472347,48.43858864957533,7.571462396981097,0.8425034681963252
BD10060062,Mehendiganj,Barishal,5.285065110669062,39.45960384442456,5.128435612967163,0.4512548290835981
BD10060069,Muladi,Barishal,1.6577079434729298,30.336565630493478,1.3747079102309143,0.09090859195486149
BD10060094,Ujirpur,Barishal,0.21191421386721418,12.680643414231188,0.7443019254650455,0.016568608843491445
BD10065000,Barishal City Corporation,Barishal,0.03301688940881297,1.6608495884433194,0.039043048944267654,0.0013086466310615588
BD10090018,Bhola Sadar,Bhola,2.55491551995056,19.319395507384087,2.8722793104356965,0.23284661607368248
BD10090021,Borhanuddin,Bhola,3.7693675836517677,28.208884606376486,3.8850858013232115,0.304091528528329
BD10090025,Charfasson,Bhola,0.9078093446680999,10.387075020282957,0.8025892968180932,0.0743833547124473
BD10090029,Daulatkhan,Bhola,1.1680901259812908,8.06347835284163,1.1806427161190236,0.0977562931021372
BD10090054,Lalmohan,Bhola,1.1041762566440447,13.053379857649777,1.0259108139490223,0.09959663258711976
BD10090065,Monpura,Bhola,0.9957089892099914,9.492497331318662,0.9687704881244783,0.08282053057666892
BD10090091,Tazumuddin,Bhola,1.9555909435852252,10.560675059717306,1.9400551066333425,0.20370883469508586
BD10420040,Jhalokathi Sadar,Jhalokati,0.025272531215405906,1.4355830793902724,0.029529503566607784,8.574525589722448E-4
BD10420043,Kanthalia,Jhalokati,0.06634172143245108,2.2488333537135032,0.06869492021874082,0.004166240464011819
BD10420073,Nalchhity,Jhalokati,0.09640159355695466,2.6282937005037676,0.07615954924488844,0.0038004385925611327
BD10420084,Rajapur,Jhalokati,0.14598703946670993,3.7130399705930532,0.10254433413780235,0.005935617083135046
BD10780038,Bauphal,Patuakhali,1.400499254908977,21.72863891312418,1.093934640051451,0.08542673141330094
BD10780052,Dashmina,Patuakhali,0.9443334062489692,14.205888786673805,0.8805993964982505,0.08341795539314209
BD10780055,Dumki,Patuakhali,0.8360125467936634,14.255374552369474,0.589013671991648,0.0396389018330857
BD10780057,Galachipa,Patuakhali,0.7769009812827576,14.52805960352462,0.6104496151761005,0.054894973972139514
BD10780066,Kalapara,Patuakhali,0.8780888679008607,20.40082419001379,0.7210316025588994,0.06345270977537469
BD10780076,Mirzaganj,Patuakhali,0.3915607033983265,10.346379687787712,0.36925982568488264,0.024396517973826862
BD10780095,Patuakhali Sadar,Patuakhali,0.1381802466837271,6.005325271241746,0.1256105597946337,0.005971183983263578
BD10780097,Rangabali,Patuakhali,2.048390835368865,28.79515928692931,1.3741146892495673,0.14278576121247352
BD10790014,Bhandaria,Pirojpur,0.31118007185576635,5.239732267917025,0.27354146665179874,0.02323215496502941
BD10790090,Indurkani,Pirojpur,0.6114521078985623,8.991771209102815,0.4631992677542668,0.049109797007506964
BD10790047,Kawkhali,Pirojpur,0.16064524245516434,2.8437635415647406,0.13433232222983268,0.008297623725572115
BD10790058,Mathbaria,Pirojpur,0.36840010859819106,11.982449710757827,0.3409970366557404,0.025541346987499963
BD10790076,Nazirpur,Pirojpur,0.10110830254715146,8.228324734916416,0.3705287656279148,0.007247718852498615
BD10790087,Nesarabad (Swarupkathi),Pirojpur,0.06892105769183364,1.6019209245682122,0.08861595807098946,0.004318916538062677
BD10790080,Pirojpur Sadar,Pirojpur,0.15158071486573899,2.155745489078822,0.11466204219827407,0.00850194648727481
BD20030004,Alikadam,Bandarban,0.0,0.0,0.0,0.0
BD20030014,Bandarban Sadar,Bandarban,0.0,0.0,0.0,0.0
BD20030051,Lama,Bandarban,0.0,0.0,0.0,0.0
BD20030073,Naikkhongchhari,Bandarban,3.0274019363087256E-5,0.0010091339787695753,1.0091339787695753E-5,5.936082228056325E-7
BD20030089,Rowangchhari,Bandarban,0.0,0.0,0.0,0.0
BD20030091,Ruma,Bandarban,0.0,0.0,0.0,0.0
BD20030095,Thanchi,Bandarban,0.0,0.0,0.0,0.0
BD20120002,Akhaura,Brahmanbaria,6.160871606707206,70.05455407969647,9.874254540525891,0.5494820817160527
BD20120033,Ashuganj,Brahmanbaria,6.726817438676438,82.42943875689232,14.451235665788383,0.6791506377585789
BD20120004,Banchharampur,Brahmanbaria,5.084817370028726,63.00200351726184,7.936563594065085,0.44169204413899094
BD20120007,Bijoynagar,Brahmanbaria,11.528015274496983,76.75306196909304,16.896592604604297,1.2176581546592697
BD20120013,Brahmanbaria Sadar,Brahmanbaria,9.44382002222379,93.52049522620793,16.773900112354774,0.9864446928249335
BD20120063,Kasba,Brahmanbaria,3.5371155529353318,66.06311493673265,5.744537064380394,0.2741662515314995
BD20120085,Nabinagar,Brahmanbaria,8.084730785736998,80.84961730480069,13.57331723718456,0.8668012622273445
BD20120090,Nasirnagar,Brahmanbaria,12.581689096514362,94.33800819569304,22.61384739433634,1.3375618774419156
BD20120094,Sarail,Brahmanbaria,16.304449679035464,93.5333987380541,24.70668970772058,1.8560184123689303
BD20130022,Chandpur Sadar,Chandpur,3.6179006213271814,29.111451615619043,5.018798374558698,0.43280528291409937
BD20130045,Faridganj,Chandpur,0.3348604093084603,10.362895770631722,0.403252891024529,0.014089274019397654
BD20130047,Haimchar,Chandpur,4.764316688453395,27.490209353262085,4.84820517074594,0.5133985740564303
BD20130049,Hajiganj,Chandpur,1.398264430303285,26.257134963780842,1.4114690884571615,0.08157245913788515
BD20130058,Kachua,Chandpur,0.7860711466620449,18.77758708712386,1.1761852910314057,0.06163461429286507
BD20130076,Matlab Dakkhin,Chandpur,1.1979076884964162,24.231726681702686,1.55338215737582,0.06979486286040383
BD20130079,Matlab Uttar,Chandpur,2.177985737425384,32.22589287337673,3.0289844417619407,0.2115449972492208
BD20130095,Shahrasti,Chandpur,0.29271971634503596,10.810567309927924,0.3098392815624273,0.009905498092838234
BD20150004,Anwara,Chattogram,1.000681181688713,21.50806603389336,1.138302354781896,0.08311285310518429
BD20150008,Banshkhali,Chattogram,1.1727802466302553,22.735158718181218,1.1444222573391019,0.08602143533987812
BD20150012,Boalkhali,Chattogram,0.17810901476325883,4.183327858267541,0.1674269726014763,0.010229412748698215
BD20150018,Chandanaish,Chattogram,0.16341522947266593,5.164632258385293,0.17549850724680255,0.008391615035327276
BD20150033,Fatikchhari,Chattogram,0.013341000745497754,0.6028008779977388,0.008824736889688574,2.911266871888513E-4
BD20150037,Hathazari,Chattogram,0.2742524779082818,9.206990309679254,0.27217569831960664,0.010577813497948256
BD20150039,Karnaphuli,Chattogram,0.1631246716940143,8.92814216650789,0.14499772968064167,0.004756871384512297
BD20150047,Lohagara,Chattogram,4.435592586472311E-4,0.0443559258647231,8.871185172944621E-4,1.6428120690638187E-5
BD20150053,Mirsarai,Chattogram,0.4985710298360834,12.408972543690753,0.5474289374309682,0.025506537833976935
BD20150061,Patiya,Chattogram,0.12641984011278617,5.073775613194701,0.125024253654959,0.005270303564448332
BD20150070,Rangunia,Chattogram,0.22057769636826743,4.901585151787862,0.16459585821337244,0.00834307104940141
BD20150074,Raozan,Chattogram,0.3168727664564852,11.162657878661577,0.29353994756399937,0.010926402288566948
BD20150078,Sandwip,Chattogram,2.3398209817342783,32.660770132634546,2.5923438866951987,0.2143589306126797
BD20150082,Satkania,Chattogram,0.36524153457137676,7.7062334906451495,0.3426149754624668,0.020539309152077582
BD20150086,Sitakunda,Chattogram,0.3641247881945698,6.006932271171286,0.3133065690194305,0.02185866000555932
BD20151600,Chattogram City Corporation,Chattogram,0.2657757432285768,5.0776726282544535,0.20763008986136122,0.015485173016446082
BD20190067,Adarsha Sadar,Cumilla,0.10110397781207299,4.779756326148081,0.09302834298971085,0.001994710067735965
BD20190009,Barura,Cumilla,0.6279695916720582,33.60663632861057,1.2306767543126322,0.026430596293693612
BD20190015,Brahmanpara,Cumilla,3.239511403148149,69.97066467846132,4.668233888219188,0.21537550239471634
BD20190018,Burichang,Cumilla,1.103103833033166,27.140109073409274,1.3608007603944352,0.04765011300885639
BD20190027,Chandina,Cumilla,1.3293562363380569,32.23373690048339,2.0258100910068726,0.09491137487755093
BD20190031,Chauddagram,Cumilla,1.2190356364612713,24.114654874616683,1.2439706814100033,0.0582438209693361
BD20190036,Daudkandi,Cumilla,5.089483069596805,60.69458850459601,7.2261740405593855,0.43949930268825743
BD20190040,Debidwar,Cumilla,0.8201839852632344,30.255977464936162,1.2159139869361677,0.039653757144413736
BD20190054,Homna,Cumilla,1.9732326723405473,41.64938580953616,2.5989725090364497,0.11847270597594692
BD20190072,Laksam,Cumilla,0.7851158088118041,29.32839819604893,1.0288852245689475,0.030410876178632435
BD20190073,Lalmai,Cumilla,0.3321903745072271,10.119198721777561,0.4183639947437578,0.01234805244227133
BD20190074,Manoharganj,Cumilla,0.2649390570531468,11.784775388773973,0.32547406937359386,0.008453150758865354
BD20190075,Meghna,Cumilla,3.4962160470494523,45.45844358008286,4.607781693146212,0.2779323987638526
BD20190081,Muradnagar,Cumilla,2.822341389085986,59.80544556236043,4.493992355155038,0.19882498487265113
BD20190087,Nangalkot,Cumilla,1.2492448613854503,26.45059576550122,1.4554961787649405,0.07061749269603326
BD20190033,Sadar Dakkhin,Cumilla,1.279478994402749,31.165524424373494,2.0490316117542307,0.07071449676289995
BD20190094,Titas,Cumilla,6.572967890213709,74.91671391760381,9.0260845351214,0.5866185618768953
BD20195000,Cumilla City Corporation,Cumilla,0.4688495257011746,20.060100681483505,0.7840912982432106,0.016803133932176542
BD20220016,Chakaria,Cox's Bazar,2.497424175678799,24.010265630304097,3.4734036664671537,0.3330850443014906
BD20220024,Coxs Bazar Sadar,Cox's Bazar,1.2647175074251,22.143171731544538,1.1913887665488445,0.08927953384878162
BD20220032,Eidgaon,Cox's Bazar,3.3208134511304643,25.637149141456305,3.441201173771765,0.3767538188119615
BD20220045,Kutubdia,Cox's Bazar,4.195289353825939,80.62583306485746,4.026181135937233,0.30861150124925973
BD20220049,Maheshkhali,Cox's Bazar,3.9252156407822194,32.55224205238818,5.344615720989034,0.5559491484585417
BD20220056,Pekua,Cox's Bazar,4.721260436440872,52.93624756792072,5.291696451255056,0.4866983211749086
BD20220066,Ramu,Cox's Bazar,0.030329469736736298,1.1334241302178645,0.0335262767129636,0.0014944673299488811
BD20220090,Teknaf,Cox's Bazar,1.4041770136741414,15.1025251237308,1.2919483982461037,0.13436172065266808
BD20220094,Ukhia,Cox's Bazar,0.2314419497210682,3.67712247966112,0.1845107289311665,0.014843432089866503
BD20300014,Chhagalnaiya,Feni,1.1060890178906875,31.181363894790397,1.295447366933647,0.04812923643379379
BD20300025,Daganbhuiyan,Feni,0.6307170496345483,13.602923613433333,0.737777671618975,0.03394371611922846
BD20300029,Feni Sadar,Feni,0.5231640076311873,16.93159185727164,0.6412524371580117,0.02285286004797948
BD20300041,Fulgazi,Feni,1.3057653668295275,33.48101238237614,1.0695696895471127,0.04399575859876864
BD20300051,Parashuram,Feni,0.6175693468713271,13.991764092503736,0.4449245778213728,0.020680661649883046
BD20300094,Sonagazi,Feni,1.4002379007986256,31.108836260605862,1.4359019334951288,0.0696933811131341
BD20460043,Dighinala,Khagrachhari,0.0,0.0,0.0,0.0
BD20460047,Guimara,Khagrachhari,0.0,0.0,0.0,0.0
BD20460049,Khagrachhari Sadar,Khagrachhari,0.0,0.0,0.0,0.0
BD20460061,Lakkhichhari,Khagrachhari,0.0,0.0,0.0,0.0
BD20460065,Mahalchhari,Khagrachhari,0.3677611974664552,5.773869028545554,0.6937315678083995,0.03807196157853437
BD20460067,Manikchhari,Khagrachhari,0.0,0.0,0.0,0.0
BD20460070,Matiranga,Khagrachhari,0.0,0.0,0.0,0.0
BD20460077,Panchhari,Khagrachhari,0.0,0.0,0.0,0.0
BD20460080,Ramgarh,Khagrachhari,0.0,0.0,0.0,0.0
BD20510033,Kamalnagar,Lakshmipur,2.6821880933998288,51.16721331378175,5.056017892338654,0.23343262759101688
BD20510043,Lakshmipur Sadar,Lakshmipur,0.4967424612145035,15.544350111564553,0.6036160651337089,0.023010664711555724
BD20510058,Raipur,Lakshmipur,0.8068283961291572,16.22875298243984,0.8703722500712364,0.036898300912863655
BD20510065,Ramganj,Lakshmipur,0.13770533931904375,5.381840725173499,0.18434539792213367,0.0051749570102113274
BD20510073,Ramgati,Lakshmipur,1.6694179243919345,22.179621878318482,2.345258648471238,0.1641377070809767
BD20750007,Begumganj,Noakhali,0.07472338265391654,3.4226394830478073,0.10559617987254252,0.002806704279619556
BD20750010,Chatkhil,Noakhali,0.03964097996417633,2.831638395959558,0.04276005624777736,8.078100710751176E-4
BD20750021,Companiganj,Noakhali,2.0082238922353923,36.681803834187,2.5044229197759442,0.14796195937129936
BD20750036,Hatiya,Noakhali,2.1558173300511423,24.730048138442935,2.0693063606206725,0.189641721156697
BD20750047,Kabirhat,Noakhali,0.22102485770437402,11.268595544640828,0.2428407770378149,0.00646467174693824
BD20750087,Noakhali Sadar,Noakhali,0.34071643018288655,20.21480404141423,0.5692571301164487,0.012369037061514961
BD20750080,Senbag,Noakhali,0.3681398092549673,17.890507854247055,0.6044011415985902,0.014740278281842769
BD20750083,Sonaimuri,Noakhali,0.06533649445473313,5.329469740511313,0.11390414458139088,0.0017051586299229003
BD20750085,Subarnachar,Noakhali,0.8730652417598745,29.279030211741997,1.0905907373114105,0.041066934094298645
BD20840007,Baghaichhari,Rangamati,0.18080121900074173,2.5980073471712712,0.30748284278087,0.018520180944564257
BD20840021,Barkal,Rangamati,0.5393071050689698,7.160994983206991,0.9456578820724361,0.07075841853096575
BD20840029,Belaichhari,Rangamati,0.07855125004398547,1.0064773653120354,0.10516357625633732,0.007348390042235058
BD20840047,Jurachhari,Rangamati,0.11598582429647371,1.3311910903564823,0.21593278072037228,0.015203198959185798
BD20840036,Kaptai,Rangamati,0.009104362774938366,0.25036997631080504,0.01069762626055258,4.978948392544419E-4
BD20840025,Kawkhali,Rangamati,0.0,0.0,0.0,0.0
BD20840058,Langadu,Rangamati,2.4003310617154647,22.60246141931118,4.81995360409127,0.37019869165411484
BD20840075,Naniarchar,Rangamati,0.6132177580133942,7.507830330370455,0.9388746505748475,0.07105129288773597
BD20840078,Rajasthali,Rangamati,0.0,0.0,0.0,0.0
BD20840087,Rangamati Sadar,Rangamati,0.3964706137952759,6.140052938982569,0.6011764620682412,0.043288102171874246
BD30260014,Dhamrai,Dhaka,2.193802905367406,71.28404385074387,4.776243618489761,0.17410138079099158
BD30260018,Dohar,Dhaka,3.885560187548741,49.67708290919796,7.175300757649316,0.45444744427774764
BD30260038,Keraniganj,Dhaka,1.5362916607405304,49.843246088445945,2.183504796219915,0.08927948713896719
BD30260062,Nawabganj,Dhaka,3.1522210613538943,75.44520301185285,6.07739309003134,0.27151214108152893
BD30260072,Savar,Dhaka,2.8808599306578135,39.69496315610121,3.6714609067006823,0.2538392155618104
BD30262500,Dhaka North City Corporation,Dhaka,3.1535498869677445,46.77219243428743,4.73301335618263,0.30651979240837046
BD30262000,Dhaka South City Corporation,Dhaka,2.916338484884068,47.90422812547985,3.8302539946346803,0.28884106668111875
BD30290003,Alfadanga,Faridpur,2.0418722011712003,36.903892524974154,2.2676541508784016,0.0948327218952601
BD30290010,Bhanga,Faridpur,2.4716066268976293,70.4272950421308,8.317101029634024,0.2660314420139623
BD30290018,Boalmari,Faridpur,1.0507228655930978,34.71654994533881,2.3934669003649467,0.0615107876551755
BD30290021,Char Bhadrasan,Faridpur,8.122476341337945,82.80098962203294,14.662929183235217,0.9696690917305593
BD30290047,Faridpur Sadar,Faridpur,3.0111380090369453,50.32088532601608,7.00494027337616,0.3102845250829608
BD30290056,Madhukhali,Faridpur,1.1630687131050763,37.77190082644626,1.896861393152302,0.053671105854904116
BD30290062,Nagarkanda,Faridpur,2.2724863969718463,80.14055981581815,12.224587581574893,0.2957321400751253
BD30290084,Sadarpur,Faridpur,4.047382934957375,71.7582192345726,8.582905233313484,0.45470209110969995
BD30290090,Saltha,Faridpur,1.8467431550946427,67.81336478005952,10.032680955135419,0.23718449381902396
BD30330030,Gazipur Sadar,Gazipur,1.8233510602229894,21.36719847335636,2.116048162893647,0.16624330094049677
BD30330032,Kaliakair,Gazipur,1.9187493830180824,31.64090722451847,2.9191320906423313,0.14939564126547672
BD30330034,Kaliganj,Gazipur,2.3563219083974842,28.576913528503034,2.788893478831152,0.20640367722210012
BD30330036,Kapasia,Gazipur,0.4418619106141611,7.9555280125396,0.3885237114391797,0.020137271814388905
BD30330086,Sreepur,Gazipur,0.3413031529385468,5.584734711612895,0.3663595990698852,0.02379070302712224
BD30333300,Gazipur City Corporation,Gazipur,1.5769146538111738,21.82302215675442,1.5715533162596311,0.10482187521707001
BD30350032,Gopalganj Sadar,Gopalganj,1.1161091052228327,29.160272165586147,1.7329433761559871,0.0892386512021849
BD30350043,Kashiani,Gopalganj,1.5934437731076523,34.37064868366186,2.8892971273042254,0.13544698232667066
BD30350051,Kotalipara,Gopalganj,0.3670113251303889,22.133577586521923,1.345017575998228,0.029763739038853907
BD30350058,Muksudpur,Gopalganj,2.318541353730299,50.9232403726117,4.902098607751501,0.22870797763099324
BD30350091,Tungipara,Gopalganj,0.2761988811184027,19.67466576362557,1.2086572223618965,0.022941063456309956
BD30480002,Austagram,Kishoreganj,22.25479662148777,96.57826568726018,32.8853536650694,2.617978468343011
BD30480006,Bajitpur,Kishoreganj,12.028927296619495,74.40742864018233,20.416738032382348,1.5772159205763
BD30480011,Bhairab,Kishoreganj,10.587671084034906,79.24548802739602,17.51633189834434,1.2251264536654312
BD30480027,Hossainpur,Kishoreganj,0.7001787770326695,18.438496654368087,1.0866148973503484,0.03700078074161741
BD30480033,Itna,Kishoreganj,25.098160811116088,97.99377246217597,36.52637202398392,2.7223394228697155
BD30480042,Karimganj,Kishoreganj,9.548257263765572,61.778644735070515,14.400078782827551,1.1352658982160146
BD30480045,Katiadi,Kishoreganj,4.901351808531267,48.10740616967642,8.477801294666618,0.5304985343956884
BD30480049,Kishoreganj Sadar,Kishoreganj,1.3428210739777746,20.382538073104374,2.0093049462408765,0.09902214328689982
BD30480054,Kuliarchar,Kishoreganj,3.011424064320789,53.172149708673615,5.493221467402825,0.25085436908868675
BD30480059,Mithamain,Kishoreganj,24.68639002886149,98.0737300237742,34.4613774607886,2.894415646680948
BD30480076,Nikli,Kishoreganj,20.94385549461109,95.31576866237077,33.20982948558502,2.7993095351252992
BD30480079,Pakundia,Kishoreganj,0.3979387798152506,11.177679504134941,0.4548844400486567,0.015565044273761312
BD30480092,Tarail,Kishoreganj,12.03644691956636,84.07127247761815,17.427378941916007,1.1105607723429984
BD30540018,Dasar,Madaripur,0.9201921158395802,34.866174500470294,1.8333637374226825,0.06141222244391859
BD30540040,Kalkini,Madaripur,2.115829360661304,44.50288224699203,1.8472806719654726,0.10801804502982548
BD30540054,Madaripur Sadar,Madaripur,2.4836743856755468,56.532929392410324,2.831484729959643,0.14960220736220978
BD30540080,Rajoir,Madaripur,1.2917747424424346,44.230814792631904,3.0095991190304012,0.101763076418616
BD30540087,Shibchar,Madaripur,4.884772004643721,73.9375714118906,6.81722162888498,0.4230210844275764
BD30560010,Daulatpur,Manikganj,10.804903747488984,94.84665993885682,17.244116784332757,0.937093795563604
BD30560022,Ghior,Manikganj,6.584234911497433,94.79161398200974,15.27074932525324,0.7357331369983202
BD30560028,Harirampur,Manikganj,7.430269598387686,84.3166265481113,16.60128656349174,0.9748600359795043
BD30560046,Manikganj Sadar,Manikganj,3.283105664040276,75.69676848662019,6.110553284044562,0.2775285338810566
BD30560070,Saturia,Manikganj,3.178790919352815,80.77421554155531,5.973337900027981,0.22740261015635754
BD30560078,Shibalay,Manikganj,7.174988272315713,85.37585825325951,16.609727356591176,0.7771760266038824
BD30560082,Singair,Manikganj,2.4125081004393145,66.9103442354514,4.822131728986388,0.21750035610152033
BD30590024,Gazaria,Munshiganj,4.203681525403569,48.67715039440258,6.023445812619254,0.39507800196705295
BD30590044,Louhajang,Munshiganj,4.160544093569498,60.26993417293649,9.830774992437803,0.511223250253269
BD30590056,Munshiganj Sadar,Munshiganj,2.201544467541921,27.10413714386543,4.1557563259207,0.2721627112298553
BD30590074,Sirajdikhan,Munshiganj,1.59546008812506,34.355183394385826,2.0292341298834726,0.1017372739415973
BD30590084,Sreenagar,Munshiganj,3.5101691427173,57.250332334013834,6.5426750246121905,0.3818700068784333
BD30590094,Tongibari,Munshiganj,1.9067187696962073,28.462592966091034,4.7786520704651485,0.2334709769843271
BD30670002,Araihazar,Narayanganj,3.4099329160328176,48.817177485722816,5.354213322027978,0.31788566863782164
BD30670006,Bandar,Narayanganj,1.310974819247071,32.125654450261784,1.7668711044627285,0.08763517634198274
BD30670058,Narayanganj Sadar,Narayanganj,0.7923666559163948,18.493072590391854,0.6987220207903725,0.04240042697036715
BD30670068,Rupganj,Narayanganj,3.6992240759862076,46.06633697443977,4.893471973141555,0.3588232346101851
BD30670004,Sonargaon,Narayanganj,3.09163415293566,43.318087225266204,4.306350037081778,0.2838723177193606
BD30674400,Narayanganj City Corporation,Narayanganj,0.38620689655172397,20.327161768417177,0.37982425952692284,0.01167657023118516
BD30680007,Belabo,Narsingdi,1.0645643030516387,21.926590205851298,1.6927924255618765,0.07125746392258536
BD30680052,Manohardi,Narsingdi,0.33564847479444226,11.022849689039099,0.46862914485466095,0.01615068459917746
BD30680060,Narsingdi Sadar,Narsingdi,6.2476203077762005,55.326641326051934,8.904537654068534,0.6119931132107221
BD30680063,Palash,Narsingdi,0.5051847887826427,13.771259042281029,0.6886591840470927,0.026515741600638108
BD30680064,Raipura,Narsingdi,7.241274732122765,60.50684623240839,11.48120895289862,0.7737882373405646
BD30680076,Shibpur,Narsingdi,0.6680499649027127,18.75611805896558,0.8754562913618068,0.031156749895866802
BD30820007,Baliakandi,Rajbari,1.4637476082838925,41.36615787977076,3.375284234674942,0.09802137471557167
BD30820029,Goalanda,Rajbari,11.065483541939328,78.81420241233324,14.713354163210386,1.0292325305417402
BD30820047,Kalukhali,Rajbari,3.2418632199641975,48.615220595977654,3.1665420659155514,0.1723457003500177
BD30820073,Pangsha,Rajbari,4.12466091202493,38.16183017083079,3.630234127204939,0.25895794544432593
BD30820076,Rajbari Sadar,Rajbari,4.327106622650499,33.44851582559451,3.6260079325085464,0.29321533471697875
BD30860014,Bhedarganj,Shariatpur,4.359759117451182,62.79978450063503,6.788885515559689,0.44260718385316844
BD30860025,Damudya,Shariatpur,1.145783759836676,44.092970573324635,1.6994738548807726,0.056824890805096125
BD30860036,Gosairhat,Shariatpur,5.375964305023024,57.5003573226282,5.7448418148261,0.5465788473608538
BD30860065,Naria,Shariatpur,4.0586312252053816,59.624516744904504,7.096516869333264,0.4201298368848995
BD30860069,Shariatpur Sadar,Shariatpur,1.6779215290635725,49.41187384761679,2.303733109653414,0.09464428750772591
BD30860094,Zajira,Shariatpur,6.172616633237452,74.05126764337048,9.972888842580023,0.653215437972365
BD30930009,Basail,Tangail,4.291568223244818,79.80246436502044,11.770219911830688,0.5136537621030433
BD30930019,Bhuanpur,Tangail,14.394025528524013,83.00579663668753,13.52317439956464,1.376522163790838
BD30930023,Delduar,Tangail,1.901154914642098,56.53325970088117,3.0469160577081387,0.115157720874199
BD30930025,Dhanbari,Tangail,0.7527474768901913,23.306762831757336,0.8311323602601033,0.033699545341837826
BD30930028,Ghatail,Tangail,1.2239375388164326,29.268336919028016,1.9662542750156757,0.08652545124280396
BD30930038,Gopalpur,Tangail,2.495640719197774,51.9703488231382,3.877201393586867,0.17616877722885405
BD30930047,Kalihati,Tangail,5.636729961358513,77.83192251228265,8.514973298131427,0.5345400685101338
BD30930057,Madhupur,Tangail,0.14661541696155975,4.9709055266173685,0.19001519131281963,0.0068680681883386135
BD30930066,Mirzapur,Tangail,2.234830729323325,56.37920289140159,5.676020929935971,0.23014268654515968
BD30930076,Nagarpur,Tangail,4.060189212275941,86.6527745311622,8.152334391464503,0.28426772830652
BD30930085,Sakhipur,Tangail,0.5162025001955435,7.696539059867992,0.8174948251279212,0.0441359255211693
BD30930095,Tangail Sadar,Tangail,5.340702223276765,64.78751019415336,6.328099153204416,0.42952168643556865
BD40010008,Bagerhat Sadar,Bagerhat,6.137099847424999,47.385529495217945,4.813685078906544,0.4525370643899663
BD40010014,Chitalmari,Bagerhat,3.6988170569692023,48.6508755768901,5.852825315119724,0.3712125265887086
BD40010034,Fakirhat,Bagerhat,2.4428148307252298,24.61938259009195,2.3748434996170533,0.1662263432329044
BD40010038,Kachua,Bagerhat,0.4781799878622636,14.707550788502644,0.5368877331426829,0.02199926351860558
BD40010056,Mollahat,Bagerhat,4.170536321616387,42.40993430436367,5.034919537456958,0.3106315409860147
BD40010058,Mongla,Bagerhat,1.9861059646016646,12.652327695633831,1.6230106109987332,0.1510056309493371
BD40010060,Morelganj,Bagerhat,4.670864859663387,43.51756199662034,2.7323388484999973,0.2711328785071759
BD40010073,Rampal,Bagerhat,14.24510098166933,77.6750124513505,10.283247539337344,0.9396779386729796
BD40010077,Sharankhola,Bagerhat,0.37924719652731104,6.998495406717199,0.34701521090144394,0.034409377788065194
BD40180007,Alamdanga,Chuadanga,0.19958928353472483,9.879470279506899,0.2690974002196998,0.005324319027407618
BD40180023,Chuadanga Sadar,Chuadanga,0.16185653193460686,5.787553304823621,0.16007593202333503,0.004554460262920778
BD40180031,Damurhuda,Chuadanga,0.4055200574246009,26.429510714159637,0.4211250161800873,0.008278168563360338
BD40180055,Jibannagar,Chuadanga,0.16844706713068044,13.938344457333702,0.21216410842678055,0.003026791502594983
BD40410004,Abhaynagar,Jashore,2.6773706593272064,29.263275820161244,2.7458519058662714,0.14942908502898106
BD40410009,Bagharpara,Jashore,0.8031687108902554,17.720164852500385,0.6738633525266864,0.02938560387881449
BD40410011,Chaugachha,Jashore,0.3245812797723384,13.445569463633928,0.5648493597014004,0.01282685507035713
BD40410047,Jashore Sadar,Jashore,0.4078148186005277,9.075032962810964,0.368233249832682,0.015020602391071756
BD40410023,Jhikargachha,Jashore,0.4714035481303878,16.150884328786308,0.7410092813782714,0.019216920101538606
BD40410038,Keshabpur,Jashore,4.320809501550272,32.49876136003544,4.039543690289239,0.3142827800602267
BD40410061,Manirampur,Jashore,2.5065327389140823,26.437689721026477,2.486913066941832,0.1605224777610212
BD40410090,Sharsha,Jashore,1.893848229924855,57.537182422459345,3.1381160290669285,0.09141021367963263
BD40440014,Harinakundu,Jhenaidah,0.4848727468956575,17.72862446990092,0.6998754548245119,0.016680705836427185
BD40440019,Jhenaidah Sadar,Jhenaidah,0.7557210905182681,20.64906508044433,0.9504976350893232,0.03022107743477118
BD40440033,Kaliganj,Jhenaidah,0.5138459847114464,13.648241758480202,0.5005399236078614,0.01759208236468354
BD40440042,Kotchandpur,Jhenaidah,0.278105501444451,11.251326293365882,0.2841134912127532,0.007001652960430954
BD40440071,Maheshpur,Jhenaidah,0.9435963298246847,44.65645085783859,1.487370093804163,0.033915462501788236
BD40440080,Shailkupa,Jhenaidah,0.2186795734165476,15.003502575982733,0.5302709906496968,0.00841602948148911
BD40470012,Batiaghata,Khulna,4.092201775284245,51.27040993840637,3.1965430970490614,0.18565643528931042
BD40470017,Dacope,Khulna,2.870375814335997,24.198204446026498,2.0901913491408375,0.16956509967425418
BD40470040,Dighalia,Khulna,1.0158373397644582,22.56501877770427,1.6793518176088504,0.04658177305587147
BD40470030,Dumuria,Khulna,8.05472429298309,64.1849090837377,7.119837889007221,0.5184347061645516
BD40470053,Koyra,Khulna,2.034732989788405,16.397109422149853,1.853111912639017,0.20746152528633904
BD40470064,Paikgachha,Khulna,16.353915786390214,75.79028403427985,11.854089638756214,1.3193098607602503
BD40470069,Phultala,Khulna,4.118003609907645,37.41724857168768,4.501917580601281,0.24975728340643305
BD40470075,Rupsa,Khulna,3.711799777756468,34.9642473709643,3.754825147739301,0.2324486140095537
BD40470094,Terokhada,Khulna,0.304204447860766,19.36318818711952,0.4634026561899477,0.007822848939690008
BD40473300,Khulna City Corporation,Khulna,0.497226242161119,13.922817173178965,0.654095513748191,0.02209605915928789
BD40500015,Bheramara,Kushtia,2.5602438585785325,17.248307110871345,1.541894031183946,0.13273690105503752
BD40500039,Daulatpur,Kushtia,6.316860303057804,33.79326295556235,4.887299427729488,0.4085108663028631
BD40500063,Khoksa,Kushtia,0.5234007432265414,11.734516462844951,0.45524510974531684,0.02213725471456804
BD40500071,Kumarkhali,Kushtia,2.772542627277959,21.260872860723257,1.7188944352775855,0.1624695639995875
BD40500079,Kushtia Sadar,Kushtia,2.200079594764903,25.243968427409943,1.833847324673333,0.13553322198447373
BD40500094,Mirpur,Kushtia,1.172354134909428,12.391815570500892,0.8030081224197058,0.06816198982748915
BD40550057,Magura Sadar,Magura,1.723370755330586,33.406419833454216,2.0899270491204844,0.09357288028022526
BD40550066,Mohammadpur,Magura,0.7562385581515411,16.743398962111225,0.7369089429141392,0.03178566036286671
BD40550085,Shalikha,Magura,3.242752652946335,53.105056479561206,3.923001518761687,0.18255536267044176
BD40550095,Sreepur,Magura,0.6551852012910457,25.55673933630969,1.0830337643261627,0.027109816671309867
BD40570047,Gangni,Meherpur,0.24988164694990084,8.048728671862396,0.39116830524989193,0.010448830934016988
BD40570087,Meherpur Sadar,Meherpur,0.1372004617550923,6.984003484305827,0.13682750571908214,0.0031144847847023147
BD40570060,Mujibnagar,Meherpur,0.7363274964876898,22.180340478302167,1.1157885235736886,0.03665952208070459
BD40650028,Kalia,Narail,0.32881590794725446,13.742659059314365,0.43850930935056315,0.010368907242480284
BD40650052,Lohagara,Narail,1.461968923844235,26.810281987339348,1.754646460771149,0.07581238728737737
BD40650076,Narail Sadar,Narail,0.8959349938716767,21.962578210713318,1.0542281985484825,0.041022067056964075
BD40870004,Ashashuni,Satkhira,15.255845790697226,76.9703119342975,11.609125793174414,1.43158724222743
BD40870025,Debhata,Satkhira,13.685641455826058,61.245539493982555,10.643477662409166,1.1854249815240185
BD40870043,Kalaroa,Satkhira,1.0576471777785268,24.27683433562359,1.1878714051162542,0.05183446042781983
BD40870047,Kaliganj,Satkhira,9.45518316339355,52.39841863108307,6.9715692381670475,0.7699389964238087
BD40870082,Satkhira Sadar,Satkhira,6.12819584252533,58.02582750461965,6.022921361224046,0.4237635290585656
BD40870086,Shyamnagar,Satkhira,3.0623211750119634,20.441974912909174,2.3722102658635578,0.3488840046145243
BD40870090,Tala,Satkhira,6.001876888353058,44.0157568233266,5.572722777475744,0.43170597766723295
BD45390007,Bakshiganj,Jamalpur,2.4052930040471727,58.99167478284956,3.437612414055261,0.17761154197146786
BD45390015,Dewanganj,Jamalpur,8.77948344047467,77.79187742208573,6.302783196565848,0.6216158127591953
BD45390029,Islampur,Jamalpur,13.213475844775617,86.25260232809465,10.253791502409689,1.0178001543717015
BD45390036,Jamalpur Sadar,Jamalpur,1.6420406482221093,33.222855687801484,2.1414147089166993,0.11682969582482514
BD45390058,Madarganj,Jamalpur,8.179957822617377,92.30401378190533,7.10286925011386,0.5216572880191831
BD45390061,Melandaha,Jamalpur,7.214252535418439,80.18502748316168,6.227332774390994,0.5709385743435492
BD45390085,Sarishabari,Jamalpur,6.65000161015039,65.61972993540755,5.341308662439605,0.4511514424016017
BD45610013,Bhaluka,Mymensingh,0.515904204934104,9.895385607843124,0.5400645197578695,0.03203831044308037
BD45610016,Dhobaura,Mymensingh,4.638957003312724,52.385254990341856,5.056189174773835,0.3565845381946749
BD45610020,Fulbaria,Mymensingh,0.21123495283842408,5.473104247899328,0.190433049364091,0.008739998646622392
BD45610081,Fulpur,Mymensingh,2.34522109607218,42.135431152490135,3.166400451219638,0.20035243770065994
BD45610022,Gafargaon,Mymensingh,1.5836396575729281,31.83386359951017,2.556699526394954,0.11516822449269316
BD45610023,Gouripur,Mymensingh,0.8892292529600566,25.337371739980277,1.0195078231071337,0.03649231013258114
BD45610024,Haluaghat,Mymensingh,3.3559000632511076,49.54218848829854,3.8827710309930437,0.2899080825878737
BD45610031,Ishwarganj,Mymensingh,0.3642771427774077,13.414290897058176,0.5113801723072506,0.015625073287718064
BD45610065,Muktagachha,Mymensingh,0.20835062324994819,6.399189594804474,0.1823213754267104,0.0070224646435612225
BD45610052,Mymensingh Sadar,Mymensingh,1.277496448501308,32.176813618918345,2.4362464779336195,0.09519230198056111
BD45610072,Nandail,Mymensingh,0.8215911758758786,20.710581919393572,1.0906574802989328,0.03336481351375279
BD45610088,Tarakanda,Mymensingh,0.9928140777567377,28.969770899969973,0.9579916296889935,0.043288922473637026
BD45610094,Trishal,Mymensingh,0.9385211721007012,15.43078827899299,0.9315288485348742,0.0572590300805019
BD45614000,Mymensingh City Corporation,Mymensingh,1.0501178876673423,30.640076448366084,1.800923899938376,0.06728644412198345
BD45720004,Atpara,Netrakona,8.019120808746171,71.70063126114997,9.008462558894836,0.4881551741987041
BD45720009,Barhatta,Netrakona,6.420397043987903,73.0761301221798,7.556424042018301,0.41993010206588444
BD45720018,Durgapur,Netrakona,4.520729077959898,50.39389793099929,4.990744993349984,0.26532816523151215
BD45720040,Kalmakanda,Netrakona,11.18441045801034,73.28015687937258,12.735734415757998,0.9493021970913202
BD45720047,Kendua,Netrakona,3.598878679954903,50.86578790975285,5.24328925297111,0.23217546905002193
BD45720038,Khaliajuri,Netrakona,25.897781033043675,98.20519384906254,33.85908014669905,2.8118892286410238
BD45720056,Madan,Netrakona,18.152834782608704,94.3590447030007,23.78502682180037,1.723915454281758
BD45720063,Mohanganj,Netrakona,17.365416155473458,92.05244613958462,19.096505358158282,1.596622901361582
BD45720074,Netrakona Sadar,Netrakona,3.602874549300817,57.39874528788173,4.057230938625508,0.18839838410962997
BD45720083,Purbadhala,Netrakona,3.450508844323573,52.32858300307131,3.102453464977568,0.17683775285103148
BD45890037,Jhenaigati,Sherpur,2.0510867901008,28.336571027110807,2.711720741039151,0.18231689449451458
BD45890067,Nakla,Sherpur,2.4990809465087596,49.2078818854686,3.725075036645803,0.20867959416872855
BD45890070,Nalitabari,Sherpur,2.453380956042006,29.742630586875467,3.4051705854438374,0.23259844505032848
BD45890088,Sherpur Sadar,Sherpur,2.2571685366102345,53.1307550644567,3.4578221042309423,0.17724431891237066
BD45890090,Sreebardi,Sherpur,1.476918684490495,42.345708368679084,2.704593718656851,0.1210106440811609
BD50100006,Adamdighi,Bogura,2.627667959553881,72.21062937680412,1.9785797112364312,0.07336805912680709
BD50100020,Bogura Sadar,Bogura,0.3320151813318846,12.397921952638523,0.3939786849724457,0.011918087747512357
BD50100027,Dhunat,Bogura,4.970843769120048,72.5306030820968,7.475274998569438,0.37232914763539793
BD50100033,Dupchachia,Bogura,1.4410035458620458,59.809326286211316,1.192791864588212,0.033060898512336526
BD50100040,Gabtali,Bogura,1.8079614349564215,40.49238843048693,1.5576434167046238,0.06621962540250399
BD50100054,Kahaloo,Bogura,1.3922428365074326,42.351568298931866,0.8767563560367799,0.031021550082563826
BD50100067,Nandigram,Bogura,1.286826009920019,45.91478046883217,1.011446426110702,0.027042069458588502
BD50100081,Sariakandi,Bogura,17.79123609082699,85.44872606281983,12.968879405435702,1.3286044609815968
BD50100085,Shajahanpur,Bogura,1.0909475109460682,19.32206479111335,1.1907760592549852,0.059616957253688325
BD50100088,Sherpur,Bogura,1.5865350569878687,29.6981562792727,2.32456118072228,0.10203448391519583
BD50100094,Shibganj,Bogura,0.3680816061141524,21.462733123792248,0.4102278093615253,0.008859001432811533
BD50100095,Sonatala,Bogura,6.50489678926039,70.64180225073943,5.529208590916575,0.3812203362477212
BD50380013,Akkelpur,Joypurhat,2.1200724273402174,74.76279100552033,2.3049575537334914,0.07100762818339497
BD50380047,Joypurhat Sadar,Joypurhat,0.7748252088328923,32.90740650683266,1.1847474365832575,0.02744024209623372
BD50380058,Kalai,Joypurhat,1.6312154732904682,63.04074650905838,1.1822464491567153,0.038200052768161075
BD50380061,Khetlal,Joypurhat,1.9803581539657793,63.66235341128772,2.190259458742247,0.0716398919334326
BD50380074,Panchbibi,Joypurhat,0.6457536983153769,38.36709555412555,0.7917280914047491,0.014563314173249192
BD50640003,Atrai,Naogaon,14.96221142419744,95.74089815319947,17.59318371161661,1.178145445982696
BD50640006,Badalgachhi,Naogaon,1.7715441873364992,56.82101832263395,2.6201502053515475,0.07817289001321388
BD50640028,Dhamoirhat,Naogaon,0.7455913567528658,48.11796603120698,1.1587243361500317,0.022461099002906264
BD50640050,Mahadebpur,Naogaon,0.9112475754059348,26.896547829794226,1.367234452246439,0.05293521314396876
BD50640047,Manda,Naogaon,4.907726387575637,60.47159223316579,6.180356841515973,0.3238915920613712
BD50640060,Naogaon Sadar,Naogaon,9.231864382401358,74.62899333578392,12.240199447045848,0.8339749999445649
BD50640069,Niamatpur,Naogaon,1.0053919447776754,59.006371806721894,1.672200043265355,0.03569814001451669
BD50640075,Patnitala,Naogaon,0.47234408792498844,39.43819361060094,0.9411244047279359,0.01427661523207841
BD50640079,Porsha,Naogaon,5.027174861350115,55.39383063674574,3.868249265266873,0.4003662217255702
BD50640085,Raninagar,Naogaon,6.724125962160994,73.05886267175018,5.920068700093515,0.3571675509944345
BD50640086,Sapahar,Naogaon,2.3508311516488662,26.27423796393414,1.38342927315293,0.11268397669618284
BD50690009,Bagatipara,Natore,0.22321273146854276,20.075219790310868,0.3312784968818125,0.004057298733622062
BD50690015,Baraigram,Natore,1.8514460660077416,37.3849116278935,2.979166410573271,0.13212493908089434
BD50690041,Gurudaspur,Natore,3.7763787992131443,41.71191089684984,5.305986202310698,0.3251395920733473
BD50690044,Lalpur,Natore,3.002510446418672,29.27573104268586,2.2801465356872535,0.1676975104571274
BD50690055,Naldanga,Natore,12.367651280883818,59.57238527062664,14.199510538597256,1.1876449390251058
BD50690063,Natore Sadar,Natore,0.4409251586246458,17.345997465106457,0.703712029891589,0.01946693804801785
BD50690091,Singra,Natore,9.881164229445371,75.4608925485071,13.77422734415924,0.8905100052733689
BD50700018,Bholahat,Chapainababganj,1.3002568582221539,46.59196492952543,2.895852241948966,0.058448065769501636
BD50700066,Chapainawabganj Sadar,Chapainababganj,6.18563550517254,60.52518962423584,6.1714617360904755,0.39500243183589695
BD50700037,Gomastapur,Chapainababganj,6.419854799251492,40.279593404563,4.624767480144643,0.5297514461153547
BD50700056,Nachole,Chapainababganj,0.5041328652993498,24.058668607677173,0.5955622864790616,0.016422756696767973
BD50700088,Shibganj,Chapainababganj,4.6032630176290485,41.102523359242774,3.9824494060587434,0.3101116581311497
BD50760005,Atgharia,Pabna,2.508020715999801,31.35278417160482,2.6929771291444196,0.17558841447498907
BD50760016,Bera,Pabna,15.486964754407262,81.20106925864671,14.099997743827478,1.2219128405679158
BD50760019,Bhangura,Pabna,17.703316864055797,87.7030311837404,21.75903938755424,1.7976029093336383
BD50760022,Chatmohar,Pabna,6.148583470629941,52.51342057649271,9.14636170667032,0.553483282575275
BD50760033,Faridpur,Pabna,14.715343293283235,85.91699404505871,15.820677888337661,1.2622458390531106
BD50760039,Ishwardi,Pabna,2.485006558828765,21.60076802436493,1.5594991289378846,0.12909529361803063
BD50760055,Pabna Sadar,Pabna,4.951708495559619,43.54862122775274,3.6567015226373707,0.3005136986203745
BD50760072,Santhia,Pabna,2.1264074146691176,35.64927202863778,2.1968746652221105,0.11342817793394006
BD50760083,Sujanagar,Pabna,12.071525489565762,66.14153875003348,8.485055854697421,0.8902976032245495
BD50810010,Bagha,Rajshahi,3.7165178946056003,34.14312807344375,3.0274011522941535,0.23789524795444322
BD50810012,Bagmara,Rajshahi,6.39565137019719,68.40955304570755,8.649851358681648,0.45257461962018786
BD50810025,Charghat,Rajshahi,1.1061933136032052,14.921536399791393,0.8226889674070353,0.05003201845276234
BD50810031,Durgapur,Rajshahi,1.792358152988356,46.943840140015546,2.3736531186190812,0.09011315432034592
BD50810034,Godagari,Rajshahi,2.2800832931810278,44.6588519628698,2.047763490154715,0.12811853009334048
BD50810053,Mohanpur,Rajshahi,3.6115724691737228,54.742556715959395,4.713775012067223,0.2129244745995159
BD50810072,Paba,Rajshahi,5.99394767071951,46.47088199195451,4.802792632377411,0.38524711719313803
BD50810082,Puthia,Rajshahi,0.8263938392841962,31.85643129543895,1.2220928980637262,0.03599444873520803
BD50810094,Tanore,Rajshahi,1.7565789375443301,57.36775301452192,2.1208033747713433,0.08424827198038273
BD50816600,Rajshahi City Corporation,Rajshahi,0.18813112589750813,14.362523977402637,0.1827018287403551,0.003201647886437716
BD50880011,Belkuchi,Sirajganj,9.359536310741575,85.61078606227865,12.411819667985938,0.75288421656922
BD50880027,Chouhali,Sirajganj,19.637167791674642,93.55309797498559,18.230381190546076,1.7299542609555643
BD50880044,Kamarkhanda,Sirajganj,4.924636414343982,96.669717172254,12.433059914666348,0.46117403539911517
BD50880050,Kazipur,Sirajganj,17.3269161596768,94.4410168700184,16.100684734086425,1.324544222998179
BD50880061,Rayganj,Sirajganj,3.8780257195592394,82.44248639170117,9.284620065681946,0.3374866423343316
BD50880067,Shahjadpur,Sirajganj,20.980014554073982,96.06306125262418,21.719334079098147,1.7656754708894071
BD50880078,Sirajganj Sadar,Sirajganj,11.46737247576482,87.89479178108533,12.465967725539494,0.9066200653940465
BD50880089,Tarash,Sirajganj,11.561788378956807,80.56995566583794,15.221743356353,1.0747306550314553
BD50880094,Ullapara,Sirajganj,12.461888015046414,98.65305877073769,19.73137717145564,1.2082368495577893
BD55270010,Birampur,Dinajpur,0.9078861918312948,63.722694221595624,1.746801010667588,0.028265929764435087
BD55270012,Birganj,Dinajpur,0.04849785498604582,4.7017731833023495,0.09669661498587638,0.001283760643051543
BD55270017,Birol,Dinajpur,0.161429958863321,9.580250381365419,0.17472711917222547,0.003640597456489981
BD55270021,Bochaganj,Dinajpur,0.06892958825620711,3.451108071297099,0.06399071116875599,0.0016070157810513703
BD55270030,Chirirbandar,Dinajpur,0.7216536744991477,60.82279389928154,1.769954282256523,0.02569595133281404
BD55270064,Dinajpur Sadar,Dinajpur,0.4680921692320837,40.56897890730182,1.031554200765228,0.014467663389865885
BD55270038,Fulbari,Dinajpur,1.2246532042670069,73.181004100276,2.1640535235654954,0.040018051410644385
BD55270043,Ghoraghat,Dinajpur,1.2002366548917829,58.22621661733945,1.8377944805598687,0.03728622000448222
BD55270047,Hakimpur,Dinajpur,0.88330526370903,64.86199343781632,1.745817916855737,0.02645841779952075
BD55270056,Kaharole,Dinajpur,0.04718769659315085,4.273381033707482,0.08785157130330112,0.0012127679845335502
BD55270060,Khansama,Dinajpur,0.49541130932756966,49.34100150188648,1.1946860080344814,0.015541425252403335
BD55270069,Nababganj,Dinajpur,0.5383417615346867,40.882263885650225,1.044731301052103,0.016035580047566455
BD55270077,Parbatipur,Dinajpur,0.7845383205874665,62.164730593800016,1.826571649498556,0.027211228722304248
BD55320021,Fulchhari,Gaibandha,21.246555426544404,94.19940225369963,14.853296344879412,1.6587517692677711
BD55320024,Gaibandha Sadar,Gaibandha,10.768459769614624,73.65088800457592,9.29697024931324,0.8469722622308619
BD55320030,Gobindaganj,Gaibandha,2.912938591138954,53.232434460477734,2.8277847088724886,0.15334552842790067
BD55320067,Palashbari,Gaibandha,1.8433651790144567,44.1713360312325,2.0504707837988025,0.0835932882703083
BD55320082,Sadullapur,Gaibandha,1.7001480652644678,49.75398015828994,1.3605885955985544,0.05360715699481286
BD55320088,Saghata,Gaibandha,11.807283573609832,75.1552683284805,8.633156736027274,0.8920236701331797
BD55320091,Sundarganj,Gaibandha,9.269301572226807,74.93408399520371,7.431334603951054,0.7162973499553305
BD55490006,Bhurungamari,Kurigram,1.9868795827960475,70.77792739851837,2.1611355103944123,0.07035877237220477
BD55490009,Chilmari,Kurigram,23.020712171858417,91.27230621545941,18.25146116897132,2.0508091472763716
BD55490052,Kurigram Sadar,Kurigram,12.701314704017229,76.65736964596229,10.344121511713206,1.3095358698097392
BD55490061,Nageshwari,Kurigram,9.691716644643668,90.03170046749233,7.50367255083305,0.9246480324811263
BD55490018,Phulbari,Kurigram,1.574597073918541,64.26168066241229,2.063201122751122,0.05695020201722949
BD55490077,Rajarhat,Kurigram,2.104503633656355,45.360928837418406,1.6460947954839804,0.0883387074624566
BD55490008,Rajibpur,Kurigram,18.090042689144713,91.27315236651403,14.46134907002804,1.5854501457366188
BD55490079,Roumari,Kurigram,8.641657954074473,90.68637636419402,7.3073879483686754,0.7049102740426322
BD55490094,Ulipur,Kurigram,14.112222415067533,83.11816367963988,11.046332216144167,1.318493549529179
BD55520002,Aditmari,Lalmonirhat,1.184484779482124,41.908867807294335,1.526854734854402,0.04694364137865642
BD55520033,Hatibandha,Lalmonirhat,1.6502339964699697,38.931167472922304,1.5860867542773114,0.06675362491611236
BD55520039,Kaliganj,Lalmonirhat,0.7610625189897143,54.34637055178909,1.52288047076946,0.025754062214313946
BD55520055,Lalmonirhat Sadar,Lalmonirhat,2.1624552239679966,66.13049755980036,2.3810400587588716,0.08378465620931401
BD55520070,Patgram,Lalmonirhat,0.10701127557885944,3.6400757610910275,0.09551296923576631,0.0031119175474425835
BD55730012,Dimla,Nilphamari,1.3620008865236566,33.88065865813991,1.313670878750133,0.059607689452495116
BD55730015,Domar,Nilphamari,0.19448998928715566,18.737714877952893,0.32805013157883267,0.004401839852027732
BD55730036,Jaldhaka,Nilphamari,0.4373786034483742,27.509099401347687,0.6517449775291778,0.013069799545013201
BD55730045,Kishoreganj,Nilphamari,0.2849842526827396,25.023784461100014,0.5229322285248996,0.007593727022520168
BD55730064,Nilphamari Sadar,Nilphamari,0.35963537965919734,35.03448778041506,0.7518629743464468,0.0099564618473879
BD55730085,Saidpur,Nilphamari,0.6312061091859895,57.096475372389115,1.5892352502487412,0.022213412430624815
BD55770004,Atowari,Panchagarh,0.1366648124176498,6.86899362650097,0.12610610861132177,0.0033908134140633868
BD55770025,Boda,Panchagarh,0.19201487349446306,17.948233772532557,0.3560126101366102,0.004897662841563839
BD55770034,Debiganj,Panchagarh,0.2308021509240875,22.4340141032608,0.43632711886302067,0.005800698406337497
BD55770073,Panchagarh Sadar,Panchagarh,0.09214271585640613,7.8778482142426425,0.14433927218869255,0.002115474826169118
BD55770090,Tentulia,Panchagarh,0.0800866594832527,5.845617735390539,0.09679726724592494,0.00174681115670134
BD55850003,Badarganj,Rangpur,0.7007498196285078,58.314906717998326,1.767818804786929,0.02538956722151378
BD55850027,Gangachara,Rangpur,2.411320433422659,53.22315530978608,2.0434569848624724,0.08785723539122618
BD55850042,Kaunia,Rangpur,1.7554474635932242,70.06973169264587,2.3709919129059327,0.07953373805712007
BD55850058,Mithapukur,Rangpur,0.5896240867986928,41.329458766073856,0.909790095970334,0.01645828619875455
BD55850073,Pirgachha,Rangpur,0.7330162149922503,45.61409350717679,1.0682406591888003,0.020257021593563882
BD55850076,Pirganj,Rangpur,0.7822784918493816,37.73667184251163,1.0484424844483873,0.024461897200853823
BD55850049,Rangpur Sadar,Rangpur,0.5538386729056888,42.32480649198461,0.887659330235079,0.014037061543179526
BD55850092,Taraganj,Rangpur,0.7003223017861029,58.12323023306468,1.629676268786756,0.024176573705373114
BD55857500,Rangpur City Corporation,Rangpur,0.4490950706167349,41.85966594402419,0.9411509530819779,0.01276148363075458
BD55940008,Baliadangi,Thakurgaon,0.0605724392234868,3.513590857485996,0.0507315387333965,0.0012340905668859598
BD55940051,Haripur,Thakurgaon,0.034178622908778315,1.740274083287682,0.027724502712179612,6.631012788719912E-4
BD55940082,Pirganj,Thakurgaon,0.07155667735384541,2.7133962056684493,0.04857437673827136,0.0015973941263293379
BD55940086,Ranishankail,Thakurgaon,0.049529468913871166,2.171850202453578,0.03588723546769487,0.0010170875727819175
BD55940094,Thakurgaon Sadar,Thakurgaon,0.06900525783496024,3.273525017648012,0.06376192146980961,0.0017857247987648369
BD60360002,Ajmiriganj,Habiganj,18.437659781732588,99.21623506025351,27.955767966018715,1.7995820832224987
BD60360005,Bahubal,Habiganj,3.3216329715912996,37.436213364032405,6.512128625883113,0.3347455076370166
BD60360011,Baniachong,Habiganj,15.929572682800417,97.49730564464741,28.077888575717317,1.8417106452162935
BD60360026,Chunarughat,Habiganj,0.024140512347164765,1.160719609059813,0.027870608161075113,7.12700216737914E-4
BD60360044,Habiganj Sadar,Habiganj,5.724653314423749,70.31642905898875,11.958194959722823,0.5859550524606821
BD60360068,Lakhai,Habiganj,14.1935184743493,97.53911917430007,24.893896256961987,1.5880095794267222
BD60360071,Madhabpur,Habiganj,2.265310627862802,47.46524932182179,4.444313149986977,0.15508702696732823
BD60360077,Nabiganj,Habiganj,5.695909408099939,84.7418267596825,14.772799806138787,0.4968300652001525
BD60360087,Shayestaganj,Habiganj,1.3060176675794284,39.15188116583517,2.01839903972392,0.06412474596061762
BD60580014,Baralekha,Moulvibazar,6.692730042881822,41.23108205675901,8.42650864902645,0.6529733031750243
BD60580035,Juri,Moulvibazar,5.056196394545202,27.623233141579526,6.302443616679423,0.5255177893079988
BD60580056,Kamalganj,Moulvibazar,0.22884541377461334,5.787269244258622,0.16753370523602457,0.006629422792871616
BD60580065,Kulaura,Moulvibazar,3.4299618453031036,20.61851888354753,4.572320895453135,0.3441080435882514
BD60580074,Moulvibazar Sadar,Moulvibazar,1.9099506864538254,48.245150320139416,3.7210048181675575,0.10246075886098542
BD60580080,Rajnagar,Moulvibazar,5.359806838628442,48.30427709900001,8.251568077878169,0.46699798679861604
BD60580083,Sreemangal,Moulvibazar,1.9295687398214774,20.458677771135243,2.888293409470406,0.17318489933932463
BD60900018,Bishwambharpur,Sunamganj,10.994213158173288,63.214994841277694,13.790265078067113,1.068791447307898
BD60900023,Chhatak,Sunamganj,12.68703699596329,91.73413032870515,14.12214384227317,0.9139089407243595
BD60900029,Derai,Sunamganj,23.48045209170417,99.13338171012899,30.372227795855842,2.5720753255172517
BD60900032,Dharmapasha,Sunamganj,22.81961270227963,98.07659687208707,25.752017343907244,2.593334003671918
BD60900033,Dowarabazar,Sunamganj,7.7944628226829,57.97479678459486,8.39350579558107,0.5805253397496783
BD60900047,Jagannathpur,Sunamganj,12.227143318399897,91.77119177564116,19.51726866435339,1.098019966489389
BD60900050,Jamalganj,Sunamganj,22.65982848294756,97.39614351318802,27.923636532073438,2.4285159284797087
BD60900063,Madhyanagar,Sunamganj,21.261042081403566,90.71815184981168,25.526593196906198,2.3940526986917843
BD60900086,Shalla,Sunamganj,25.087013448938873,99.38898138936281,31.681543492119097,2.6789060208252025
BD60900087,Shantiganj,Sunamganj,22.892795196560858,99.20153482671026,27.5925397473931,2.2340591914791172
BD60900089,Sunamganj Sadar,Sunamganj,15.125570668536833,82.76003253080538,17.246278509436546,1.3129464842905825
BD60900092,Tahirpur,Sunamganj,18.757534851376523,83.96074979652703,23.322287248973492,2.0257326106887725
BD60910008,Balaganj,Sylhet,15.124849752782408,91.81069825160968,22.516584044232783,1.4488115770840426
BD60910017,Beanibazar,Sylhet,8.287993444402318,79.94217129014815,11.739575826952358,0.6202935034419518
BD60910020,Bishwanath,Sylhet,4.306650830604278,66.53807755953518,5.11450777583626,0.2328838142194932
BD60910027,Companiganj,Sylhet,17.996079523869838,86.49639103457022,17.350795660799474,1.4946431644418186
BD60910031,Dakkhin Surma,Sylhet,6.735207351197258,60.52131344818121,10.967167300491285,0.6059513971713192
BD60910035,Fenchuganj,Sylhet,11.928766825664889,66.8365281110815,15.505130408161255,1.1920702096864217
BD60910038,Golapganj,Sylhet,6.956242371913056,61.252077436443464,8.815555292269352,0.5600087616880776
BD60910041,Gowainghat,Sylhet,12.39822196227253,76.02100498654666,11.18746804953437,0.9198351109575635
BD60910053,Jaintapur,Sylhet,8.236310488015462,52.40192410475679,8.16961312338117,0.6516318701649455
BD60910059,Kanaighat,Sylhet,9.878581192828058,78.86397011365155,10.962519597469893,0.7543000708407231
BD60910060,Osmaninagar,Sylhet,6.457947036247681,71.10563069655076,10.851864944080528,0.49611686292526863
BD60910062,Sylhet Sadar,Sylhet,8.607352109049645,55.26057369024556,7.986435408202675,0.6376430600861984
BD60910094,Zakiganj,Sylhet,7.499647610834983,82.53155370519812,12.192453089501821,0.5802368593366204
BD60915000,Sylhet City Corporation,Sylhet,0.045435567453397836,2.5902366742801934,0.06785863398580444,0.0012742290415006972
